STATE_CODE,STATE_CODE_EXP,SHRP_ID,CONSTRUCTION_DATE,TRAFFIC_OPEN_DATE,YEAR_WIDENED,ORIGINAL_NO_LANES,FINAL_NO_LANES,LANE_ADDED_NO
1,Alabama,0502,1976-06-01,1976-06-01,,,,
1,Alabama,0503,1976-06-01,1976-06-01,,,,
1,Alabama,0504,1976-06-01,1976-06-01,,,,
1,Alabama,0505,1976-06-01,1976-06-01,,,,
1,Alabama,0506,1976-06-01,1976-06-01,,,,
1,Alabama,0507,1976-06-01,1976-06-01,,,,
1,Alabama,0508,1976-06-01,1976-06-01,,,,
1,Alabama,0509,1976-06-01,1976-06-01,,,,
1,Alabama,0563,1976-06-01,1976-06-01,,,,
1,Alabama,0564,1976-06-01,1976-06-01,,,,
1,Alabama,1001,1980-10-01,1980-10-01,,,,
1,Alabama,1011,1985-06-01,1985-06-01,,,,
1,Alabama,1019,1986-10-01,1986-10-01,,,,
1,Alabama,1021,1985-06-01,1985-06-01,,,,
1,Alabama,3028,1971-06-01,1971-06-01,,,,
1,Alabama,3998,1972-10-01,1974-03-01,,,,
1,Alabama,4007,1970-06-01,1970-06-01,,,,
1,Alabama,4073,1988-06-01,1988-06-01,,,,
1,Alabama,4084,1970-06-01,1970-06-01,,,,
1,Alabama,4125,1972-06-01,1972-06-01,,,,
1,Alabama,4126,1988-04-01,1988-04-01,,,,
1,Alabama,4127,1974-08-01,1974-08-01,,,,
1,Alabama,4129,1976-06-01,1976-06-01,,,,
1,Alabama,4155,1975-10-01,1975-10-01,,,,
1,Alabama,5008,1976-09-01,1977-12-01,,,,
1,Alabama,6012,1984-01-01,1984-01-01,,,,
1,Alabama,6019,1981-04-01,1981-04-01,,,,
1,Alabama,A310,1972-06-01,1972-06-01,,,,
1,Alabama,A320,1972-06-01,1972-06-01,,,,
1,Alabama,A330,1972-06-01,1972-06-01,,,,
1,Alabama,A340,1972-06-01,1972-06-01,,,,
1,Alabama,A350,1972-06-01,1972-06-01,,,,
1,Alabama,B310,1986-10-01,1986-10-01,,,,
1,Alabama,B320,1986-10-01,1986-10-01,,,,
1,Alabama,B330,1986-10-01,1986-10-01,,,,
1,Alabama,B340,1986-10-01,1986-10-01,,,,
1,Alabama,B350,1986-10-01,1986-10-01,,,,
1,Alabama,C310,1975-10-01,1975-10-01,,,,
1,Alabama,C320,1975-10-01,1975-10-01,,,,
1,Alabama,C330,1975-10-01,1975-10-01,,,,
1,Alabama,C340,1975-10-01,1975-10-01,,,,
1,Alabama,C350,1975-10-01,1975-10-01,,,,
2,Alaska,1001,1983-07-01,1983-07-01,,,,
2,Alaska,1002,1984-10-01,1984-10-01,1984.0,1.0,1.0,
2,Alaska,1004,1977-08-01,1977-09-01,,,,
2,Alaska,1008,1978-09-01,1978-11-01,,,,
2,Alaska,6010,1969-10-01,1969-10-01,1974.0,1.0,2.0,1.0
2,Alaska,9035,1971-09-01,1971-09-01,,,,
4,Arizona,0113,1993-08-01,1993-08-01,,2.0,,
4,Arizona,0114,1993-08-01,1993-08-01,,2.0,,
4,Arizona,0115,1993-08-01,1993-08-01,,2.0,,
4,Arizona,0116,1993-08-01,1993-08-01,,2.0,,
4,Arizona,0117,1993-08-01,1993-08-01,,2.0,,
4,Arizona,0118,1993-08-01,1993-08-01,,2.0,,
4,Arizona,0119,1993-08-01,1993-08-01,,2.0,,
4,Arizona,0120,1993-08-01,1993-08-01,,2.0,,
4,Arizona,0121,1993-08-01,1993-08-01,,2.0,,
4,Arizona,0122,1993-08-01,1993-08-01,,2.0,,
4,Arizona,0123,1993-08-01,1993-08-01,,2.0,,
4,Arizona,0124,1993-08-01,1993-08-01,,2.0,,
4,Arizona,0160,1993-08-01,1993-08-01,,2.0,,
4,Arizona,0161,1993-08-01,1993-08-01,,2.0,,
4,Arizona,0213,1993-10-01,1993-10-01,,2.0,,
4,Arizona,0214,1993-10-01,1993-10-01,,2.0,,
4,Arizona,0215,1993-10-01,1993-10-01,,2.0,,
4,Arizona,0216,1993-10-01,1993-10-01,,2.0,,
4,Arizona,0217,1993-10-01,1993-10-01,,2.0,,
4,Arizona,0218,1993-10-01,1993-10-01,,2.0,,
4,Arizona,0219,1993-10-01,1993-10-01,,2.0,,
4,Arizona,0220,1993-10-01,1993-10-01,,2.0,,
4,Arizona,0221,1993-10-01,1993-10-01,,2.0,,
4,Arizona,0222,1993-10-01,1993-10-01,,2.0,,
4,Arizona,0223,1993-10-01,1993-10-01,,2.0,,
4,Arizona,0224,1993-10-01,1993-10-01,,2.0,,
4,Arizona,0260,1993-10-01,1993-10-01,,2.0,,
4,Arizona,0261,1993-10-01,1993-10-01,,2.0,,
4,Arizona,0262,1993-10-01,1993-10-01,,2.0,,
4,Arizona,0263,1993-10-01,1993-10-01,,2.0,,
4,Arizona,0264,1993-10-01,1993-10-01,,2.0,,
4,Arizona,0265,1993-10-01,1993-10-01,,2.0,,
4,Arizona,0266,1993-10-01,1993-10-01,,2.0,,
4,Arizona,0267,1993-10-01,1993-10-01,,2.0,,
4,Arizona,0268,1993-10-01,1993-10-01,,2.0,,
4,Arizona,0501,1968-07-01,1968-08-01,,,,
4,Arizona,0502,1968-07-01,1968-08-01,,,,
4,Arizona,0503,1968-07-01,1968-08-01,,,,
4,Arizona,0504,1968-07-01,1968-08-01,,,,
4,Arizona,0505,1968-07-01,1968-08-01,,,,
4,Arizona,0506,1968-07-01,1968-08-01,,,,
4,Arizona,0507,1968-07-01,1968-08-01,,,,
4,Arizona,0508,1968-07-01,1968-08-01,,,,
4,Arizona,0509,1968-07-01,1968-08-01,,,,
4,Arizona,0559,1968-07-01,1968-08-01,,,,
4,Arizona,0560,1968-07-01,1968-08-01,,,,
4,Arizona,0601,1966-09-01,1967-01-01,,,,
4,Arizona,0602,1966-09-01,1967-01-01,,,,
4,Arizona,0603,1966-09-01,1967-01-01,,,,
4,Arizona,0604,1966-09-01,1967-01-01,,,,
4,Arizona,0605,1966-09-01,1967-01-01,,,,
4,Arizona,0606,1966-09-01,1967-01-01,,,,
4,Arizona,0607,1966-09-01,1967-01-01,,,,
4,Arizona,0608,1966-09-01,1967-01-01,,,,
4,Arizona,0659,1966-09-01,1967-01-01,,,,
4,Arizona,0660,1966-09-01,1967-01-01,,,,
4,Arizona,0661,1966-09-01,1967-01-01,,,,
4,Arizona,0662,1966-09-01,1967-01-01,,,,
4,Arizona,0663,1966-09-01,1967-01-01,,,,
4,Arizona,0664,1966-09-01,1967-01-01,,,,
4,Arizona,0665,1966-09-01,1967-01-01,,,,
4,Arizona,0666,1966-09-01,1967-01-01,,,,
4,Arizona,0667,1966-09-01,1967-01-01,,,,
4,Arizona,0668,1966-09-01,1967-01-01,,,,
4,Arizona,0669,1966-09-01,1967-01-01,,,,
4,Arizona,0902,1993-08-01,1993-08-01,,2.0,,
4,Arizona,0903,1993-08-01,1993-08-01,,2.0,,
4,Arizona,1003,1975-03-01,1975-08-01,,,,
4,Arizona,1006,1975-01-01,1976-01-01,,,,
4,Arizona,1007,1978-04-01,1978-09-01,,,,
4,Arizona,1015,1979-02-01,1979-06-01,,,,
4,Arizona,1016,1979-06-01,1979-10-01,,,,
4,Arizona,1017,1976-08-01,1976-08-01,,,,
4,Arizona,1018,1976-08-01,1976-08-01,,,,
4,Arizona,1021,1978-07-01,1978-07-01,,,,
4,Arizona,1022,1977-10-01,1977-10-01,,,,
4,Arizona,1024,1977-07-01,1977-07-01,,,,
4,Arizona,1025,1978-10-01,1978-10-01,,,,
4,Arizona,1034,1975-06-01,1975-07-01,,,,
4,Arizona,1036,1983-06-01,1983-06-01,,,,
4,Arizona,1037,1985-08-01,1985-08-01,,,,
4,Arizona,1062,1977-10-01,1977-10-01,,,,
4,Arizona,1065,1977-10-01,1977-10-01,,,,
4,Arizona,6053,1968-01-01,1968-01-01,,,,
4,Arizona,6054,1969-01-01,1969-01-01,,,,
4,Arizona,6055,1975-01-01,1975-01-01,,,,
4,Arizona,6060,1967-01-01,1967-01-01,,,,
4,Arizona,7079,1989-03-01,1989-08-01,,,,
4,Arizona,7614,1984-05-01,1984-05-01,,,,
4,Arizona,A310,1983-06-01,1983-06-01,,,,
4,Arizona,A320,1983-06-01,1983-06-01,,,,
4,Arizona,A330,1983-06-01,1983-06-01,,,,
4,Arizona,A350,1983-06-01,1983-06-01,,,,
4,Arizona,A390,1983-06-01,1983-06-01,,,,
4,Arizona,A901,1993-08-01,1993-08-01,,2.0,,
4,Arizona,A902,1993-08-01,1993-08-01,,2.0,,
4,Arizona,A903,1993-08-01,1993-08-01,,2.0,,
4,Arizona,B310,1978-07-01,1978-07-01,,,,
4,Arizona,B320,1978-07-01,1978-07-01,,,,
4,Arizona,B330,1978-07-01,1978-07-01,,,,
4,Arizona,B350,1978-07-01,1978-07-01,,,,
4,Arizona,B901,1978-04-01,1978-09-01,,,,
4,Arizona,B902,1978-04-01,1978-09-01,,,,
4,Arizona,B903,1978-04-01,1978-09-01,,,,
4,Arizona,B959,1978-04-01,1978-09-01,,,,
4,Arizona,B960,1978-04-01,1978-09-01,,,,
4,Arizona,B961,1978-04-01,1978-09-01,,,,
4,Arizona,B964,1978-04-01,1978-09-01,,,,
4,Arizona,C310,1976-08-01,1976-08-01,,,,
4,Arizona,C320,1976-08-01,1976-08-01,,,,
4,Arizona,C330,1976-08-01,1976-08-01,,,,
4,Arizona,C340,1976-08-01,1976-08-01,,,,
4,Arizona,C350,1976-08-01,1976-08-01,,,,
4,Arizona,D310,1979-06-01,1979-10-01,,,,
4,Arizona,D320,1979-06-01,1979-10-01,,,,
4,Arizona,D330,1979-06-01,1979-10-01,,,,
4,Arizona,D350,1979-06-01,1979-10-01,,,,
5,Arkansas,2042,1972-12-01,1972-12-01,,,,
5,Arkansas,3011,1983-05-01,1983-05-01,,,,
5,Arkansas,3048,1981-12-01,1981-12-01,,,,
5,Arkansas,3058,1990-02-01,1990-02-01,,,,
5,Arkansas,3059,1978-10-01,1978-10-01,,,,
5,Arkansas,3071,1987-07-01,1987-07-01,,,,
5,Arkansas,3073,1965-01-01,1965-01-01,,,,
5,Arkansas,3074,1966-09-01,1966-09-01,,,,
5,Arkansas,4019,1973-03-01,1973-04-01,,,,
5,Arkansas,4021,1970-10-01,1970-10-01,,,,
5,Arkansas,4023,1975-07-01,1975-07-01,,,,
5,Arkansas,4046,1979-08-01,1979-08-01,,,,
5,Arkansas,5803,1973-05-01,1973-05-01,,,,
5,Arkansas,5805,1975-08-01,1975-08-01,,,,
5,Arkansas,A310,1987-07-01,1987-07-01,,,,
5,Arkansas,A320,1987-07-01,1987-07-01,,,,
5,Arkansas,A350,1987-07-01,1987-07-01,,,,
5,Arkansas,A410,1970-10-01,1970-10-01,,,,
5,Arkansas,A430,1970-10-01,1970-10-01,,,,
5,Arkansas,B410,1973-03-01,1973-04-01,,,,
5,Arkansas,B430,1973-03-01,1973-04-01,,,,
5,Arkansas,C410,1978-10-01,1978-10-01,,,,
5,Arkansas,C430,1978-10-01,1978-10-01,,,,
6,California,0201,2000-09-01,2000-10-01,,2.0,,
6,California,0202,2000-09-01,2000-10-01,,2.0,,
6,California,0203,2000-09-01,2000-10-01,,2.0,,
6,California,0204,2000-09-01,2000-10-01,,2.0,,
6,California,0205,2000-09-01,2000-10-01,,2.0,,
6,California,0206,2000-09-01,2000-10-01,,2.0,,
6,California,0207,2000-09-01,2000-10-01,,2.0,,
6,California,0208,2000-09-01,2000-10-01,,2.0,,
6,California,0209,2000-09-01,2000-10-01,,2.0,,
6,California,0210,2000-09-01,2000-10-01,,2.0,,
6,California,0211,2000-09-01,2000-10-01,,2.0,,
6,California,0212,2000-09-01,2000-10-01,,2.0,,
6,California,0501,1966-06-01,1966-06-01,,,,
6,California,0502,1966-06-01,1966-06-01,,,,
6,California,0503,1966-06-01,1966-06-01,,,,
6,California,0504,1966-06-01,1966-06-01,,,,
6,California,0505,1966-06-01,1966-06-01,,,,
6,California,0506,1966-06-01,1966-06-01,,,,
6,California,0507,1966-06-01,1966-06-01,,,,
6,California,0508,1966-06-01,1966-06-01,,,,
6,California,0509,1966-06-01,1966-06-01,,,,
6,California,0559,1966-06-01,1966-06-01,,,,
6,California,0560,1966-06-01,1966-06-01,,,,
6,California,0561,1966-06-01,1966-06-01,,,,
6,California,0562,1966-06-01,1966-06-01,,,,
6,California,0563,1966-06-01,1966-06-01,,,,
6,California,0564,1966-06-01,1966-06-01,,,,
6,California,0565,1966-06-01,1966-06-01,,,,
6,California,0566,1966-06-01,1966-06-01,,,,
6,California,0567,1966-06-01,1966-06-01,,,,
6,California,0568,1966-06-01,1966-06-01,,,,
6,California,0569,1966-06-01,1966-06-01,,,,
6,California,0570,1966-06-01,1966-06-01,,,,
6,California,0571,1966-06-01,1966-06-01,,,,
6,California,0602,1977-08-01,1977-11-01,,,,
6,California,0603,1977-08-01,1977-11-01,,,,
6,California,0604,1977-08-01,1977-11-01,,,,
6,California,0605,1977-08-01,1977-11-01,,,,
6,California,0606,1977-08-01,1977-11-01,,,,
6,California,0607,1977-08-01,1977-11-01,,,,
6,California,0608,1977-08-01,1977-11-01,,,,
6,California,0659,1977-08-01,1977-11-01,,,,
6,California,0660,1977-08-01,1977-11-01,,,,
6,California,0661,1977-08-01,1977-11-01,,,,
6,California,0662,1977-08-01,1977-11-01,,,,
6,California,0663,1977-08-01,1977-11-01,,,,
6,California,0664,1977-08-01,1977-11-01,,,,
6,California,1253,1970-07-01,1970-07-01,,,,
6,California,2002,1980-12-01,1980-12-01,,,,
6,California,2004,1976-10-01,1976-10-01,,,,
6,California,2038,1972-09-01,1972-09-01,,,,
6,California,2040,1979-10-01,1979-10-01,,,,
6,California,2041,1971-07-01,1971-07-01,,,,
6,California,2051,1981-02-01,1981-02-01,,,,
6,California,2053,1973-06-01,1973-06-01,,,,
6,California,2647,1976-09-01,1976-09-01,,,,
6,California,3005,1973-11-01,1974-08-01,,,,
6,California,3010,1978-04-01,1978-04-01,,,,
6,California,3013,1982-07-01,1982-07-01,,,,
6,California,3017,1978-07-01,1978-07-01,,,,
6,California,3019,1979-12-01,1979-12-01,,,,
6,California,3021,1974-04-01,1974-04-01,,,,
6,California,3024,1980-11-01,1980-11-01,,,,
6,California,3030,1972-10-01,1972-10-01,,,,
6,California,3042,1979-06-01,1979-06-01,,,,
6,California,6044,1947-06-01,1947-06-01,,,,
6,California,7452,1972-06-01,1972-06-01,,,,
6,California,7454,1972-07-01,1972-07-01,,,,
6,California,7455,1971-05-01,1971-12-01,,,,
6,California,7456,1971-07-01,1971-12-01,,,,
6,California,7491,1967-08-01,1967-08-01,,,,
6,California,7493,1983-06-01,1983-06-01,,,,
6,California,8149,1971-08-01,1971-08-01,,,,
6,California,8150,1984-10-01,1984-10-01,,,,
6,California,8151,1973-06-01,1973-06-01,,,,
6,California,8153,1977-08-01,1977-08-01,,,,
6,California,8156,1974-09-01,1974-09-01,,,,
6,California,8201,1971-06-01,1971-06-01,,,,
6,California,8202,1970-07-01,1970-07-01,,,,
6,California,8534,1969-01-01,1970-01-01,,,,
6,California,8535,1967-09-01,1968-05-01,,,,
6,California,9049,1954-06-01,1954-06-01,1968.0,2.0,4.0,1.0
6,California,9107,1964-10-01,1964-10-01,,,,
6,California,A310,1970-07-01,1970-07-01,,,,
6,California,A311,1970-07-01,1970-07-01,,,,
6,California,A320,1970-07-01,1970-07-01,,,,
6,California,A321,1970-07-01,1970-07-01,,,,
6,California,A330,1970-07-01,1970-07-01,,,,
6,California,A340,1970-07-01,1970-07-01,,,,
6,California,A350,1970-07-01,1970-07-01,,,,
6,California,A351,1970-07-01,1970-07-01,,,,
6,California,A352,1970-07-01,1970-07-01,,,,
6,California,A353,1970-07-01,1970-07-01,,,,
6,California,A361,1970-07-01,1970-07-01,,,,
6,California,A362,1970-07-01,1970-07-01,,,,
6,California,A363,1970-07-01,1970-07-01,,,,
6,California,A410,1974-04-01,1974-04-01,,,,
6,California,A411,1974-04-01,1974-04-01,,,,
6,California,A412,1974-04-01,1974-04-01,,,,
6,California,A420,1974-04-01,1974-04-01,,,,
6,California,A421,1974-04-01,1974-04-01,,,,
6,California,A422,1974-04-01,1974-04-01,,,,
6,California,A423,1974-04-01,1974-04-01,,,,
6,California,A430,1974-04-01,1974-04-01,,,,
6,California,A441,1974-04-01,1974-04-01,,,,
6,California,A442,1974-04-01,1974-04-01,,,,
6,California,A443,1974-04-01,1974-04-01,,,,
6,California,B410,1971-05-01,1971-12-01,,,,
6,California,B411,1971-05-01,1971-12-01,,,,
6,California,B412,1971-05-01,1971-12-01,,,,
6,California,B413,1971-05-01,1971-12-01,,,,
6,California,B420,1971-05-01,1971-12-01,,,,
6,California,B421,1971-05-01,1971-12-01,,,,
6,California,B423,1971-05-01,1971-12-01,,,,
6,California,B430,1971-05-01,1971-12-01,,,,
6,California,B441,1971-05-01,1971-12-01,,,,
6,California,B442,1971-05-01,1971-12-01,,,,
6,California,B443,1971-05-01,1971-12-01,,,,
6,California,B451,1971-05-01,1971-12-01,,,,
6,California,B452,1971-05-01,1971-12-01,,,,
6,California,B453,1971-05-01,1971-12-01,,,,
8,Colorado,0213,1993-10-01,1993-11-01,,2.0,,
8,Colorado,0214,1993-10-01,1993-11-01,,2.0,,
8,Colorado,0215,1993-10-01,1993-11-01,,2.0,,
8,Colorado,0216,1993-10-01,1993-11-01,,2.0,,
8,Colorado,0217,1993-10-01,1993-11-01,,2.0,,
8,Colorado,0218,1993-10-01,1993-11-01,,2.0,,
8,Colorado,0219,1993-10-01,1993-11-01,,2.0,,
8,Colorado,0220,1993-10-01,1993-11-01,,2.0,,
8,Colorado,0221,1993-10-01,1993-11-01,,2.0,,
8,Colorado,0222,1993-10-01,1993-11-01,,2.0,,
8,Colorado,0223,1993-10-01,1993-11-01,,2.0,,
8,Colorado,0224,1993-10-01,1993-11-01,,2.0,,
8,Colorado,0501,1974-10-01,1974-10-01,,,,
8,Colorado,0502,1974-10-01,1974-10-01,,,,
8,Colorado,0503,1974-10-01,1974-10-01,,,,
8,Colorado,0504,1974-10-01,1974-10-01,,,,
8,Colorado,0505,1974-10-01,1974-10-01,,,,
8,Colorado,0506,1974-10-01,1974-10-01,,,,
8,Colorado,0507,1974-10-01,1974-10-01,,,,
8,Colorado,0508,1974-10-01,1974-10-01,,,,
8,Colorado,0509,1974-10-01,1974-10-01,,,,
8,Colorado,0559,1974-10-01,1974-10-01,,,,
8,Colorado,0560,1974-10-01,1974-10-01,,,,
8,Colorado,0811,1993-10-01,1994-01-01,,1.0,,
8,Colorado,0812,1993-10-01,1994-01-01,,1.0,,
8,Colorado,1029,1972-06-01,1972-06-01,,,,
8,Colorado,1047,1983-10-01,1983-10-01,,,,
8,Colorado,1053,1984-02-01,1984-11-01,,,,
8,Colorado,1057,1985-05-01,1986-04-01,,,,
8,Colorado,2008,1972-04-01,1972-10-01,,,,
8,Colorado,3032,1977-06-01,1977-06-01,,,,
8,Colorado,6002,1958-01-01,1958-01-01,,,,
8,Colorado,6013,1965-05-01,1965-05-01,,,,
8,Colorado,7035,1965-08-01,1965-08-01,,,,
8,Colorado,7036,1961-06-01,1961-07-01,,,,
8,Colorado,7776,1988-06-01,1988-08-01,,,,
8,Colorado,7780,1973-09-01,1973-09-01,,,,
8,Colorado,7781,1972-04-01,1972-10-01,,,,
8,Colorado,7783,1984-06-01,1984-06-01,,,,
8,Colorado,9019,1966-09-01,1966-09-01,,,,
8,Colorado,9020,1962-10-01,1963-01-01,,,,
8,Colorado,A310,1984-02-01,1984-11-01,,,,
8,Colorado,A320,1984-02-01,1984-11-01,,,,
8,Colorado,A330,1984-02-01,1984-11-01,,,,
8,Colorado,A340,1984-02-01,1984-11-01,,,,
8,Colorado,A350,1984-02-01,1984-11-01,,,,
8,Colorado,A410,1995-08-01,1995-12-01,,,,
8,Colorado,A411,1995-08-01,1995-12-01,,,,
8,Colorado,A412,1995-08-01,1995-12-01,,,,
8,Colorado,A413,1995-08-01,1995-12-01,,,,
8,Colorado,A414,1995-08-01,1995-12-01,,,,
8,Colorado,A415,1995-08-01,1995-12-01,,,,
8,Colorado,A430,1995-08-01,1995-12-01,,,,
8,Colorado,A431,1995-08-01,1995-12-01,,,,
8,Colorado,A441,1995-08-01,1995-12-01,,,,
8,Colorado,A442,1995-08-01,1995-12-01,,,,
8,Colorado,A443,1995-08-01,1995-12-01,,,,
8,Colorado,A444,1995-08-01,1995-12-01,,,,
8,Colorado,A445,1995-08-01,1995-12-01,,,,
8,Colorado,A446,1995-08-01,1995-12-01,,,,
8,Colorado,A451,1995-08-01,1995-12-01,,,,
8,Colorado,A452,1995-08-01,1995-12-01,,,,
8,Colorado,A455,1995-08-01,1995-12-01,,,,
8,Colorado,B310,1972-04-01,1972-10-01,,,,
8,Colorado,B320,1972-04-01,1972-10-01,,,,
8,Colorado,B330,1972-04-01,1972-10-01,,,,
8,Colorado,B350,1972-04-01,1972-10-01,,,,
9,Connecticut,1803,1985-07-01,1985-07-01,,,,
9,Connecticut,4008,1985-07-01,1985-07-01,,,,
9,Connecticut,4020,1964-09-01,1964-10-01,,,,
9,Connecticut,5001,1981-07-01,1981-11-01,,,,
10,Delaware,0101,1995-10-05,1995-12-04,,2.0,,
10,Delaware,0102,1995-10-05,1995-12-04,,2.0,,
10,Delaware,0103,1995-10-05,1995-12-04,,2.0,,
10,Delaware,0104,1995-10-05,1995-12-04,,2.0,,
10,Delaware,0105,1995-10-05,1995-12-04,,2.0,,
10,Delaware,0106,1995-10-05,1995-12-04,,2.0,,
10,Delaware,0107,1995-10-05,1995-12-04,,2.0,,
10,Delaware,0108,1995-10-05,1995-12-04,,2.0,,
10,Delaware,0109,1995-10-05,1995-12-04,,2.0,,
10,Delaware,0110,1995-10-05,1995-12-04,,2.0,,
10,Delaware,0111,1995-10-05,1995-12-04,,2.0,,
10,Delaware,0112,1995-10-05,1995-12-04,,2.0,,
10,Delaware,0159,1995-10-05,1995-12-04,,2.0,,
10,Delaware,0160,1995-10-05,1995-12-04,,2.0,,
10,Delaware,0201,1996-05-01,1996-05-01,,2.0,,
10,Delaware,0202,1996-05-01,1996-05-01,,2.0,,
10,Delaware,0203,1996-05-01,1996-05-01,,2.0,,
10,Delaware,0204,1996-05-01,1996-05-01,,2.0,,
10,Delaware,0205,1996-05-01,1996-05-01,,2.0,,
10,Delaware,0206,1996-05-01,1996-05-01,,2.0,,
10,Delaware,0207,1996-05-01,1996-05-01,,2.0,,
10,Delaware,0208,1996-05-01,1996-05-01,,2.0,,
10,Delaware,0209,1996-05-01,1996-05-01,,2.0,,
10,Delaware,0210,1996-05-01,1996-05-01,,2.0,,
10,Delaware,0211,1996-05-01,1996-05-01,,2.0,,
10,Delaware,0212,1996-05-01,1996-05-01,,2.0,,
10,Delaware,0259,1996-05-01,1996-05-01,,2.0,,
10,Delaware,0260,1996-05-01,1996-05-01,,2.0,,
10,Delaware,1201,1966-06-01,1966-06-01,,,,
10,Delaware,1450,1976-06-01,1976-06-01,,,,
10,Delaware,4002,1977-06-01,1977-06-01,,,,
10,Delaware,5004,1977-06-01,1977-06-01,,,,
10,Delaware,5005,1971-06-01,1971-06-01,,,,
11,District of Columbia,1400,1965-01-01,1965-01-01,,,,
12,Florida,0502,1971-04-01,1971-12-01,,,,
12,Florida,0503,1971-04-01,1971-12-01,,,,
12,Florida,0504,1971-04-01,1971-12-01,,,,
12,Florida,0505,1971-04-01,1971-12-01,,,,
12,Florida,0506,1971-04-01,1971-12-01,,,,
12,Florida,0507,1971-04-01,1971-12-01,,,,
12,Florida,0508,1971-04-01,1971-12-01,,,,
12,Florida,0509,1971-04-01,1971-12-01,,,,
12,Florida,0561,1971-04-01,1971-12-01,,,,
12,Florida,0562,1971-04-01,1971-12-01,,,,
12,Florida,0563,1971-04-01,1971-12-01,,,,
12,Florida,0564,1971-04-01,1971-12-01,,,,
12,Florida,0565,1971-04-01,1971-12-01,,,,
12,Florida,0566,1971-04-01,1971-12-01,,,,
12,Florida,1030,1971-04-01,1971-06-01,,,,
12,Florida,1060,1979-10-01,1979-10-01,,,,
12,Florida,1370,1973-06-01,1973-06-01,,,,
12,Florida,3804,1985-07-01,1985-09-01,,,,
12,Florida,3811,1976-02-01,1976-06-01,,,,
12,Florida,3995,1975-12-01,1975-12-01,,,,
12,Florida,3996,1974-04-01,1974-06-01,,,,
12,Florida,3997,1974-06-01,1974-06-01,,,,
12,Florida,4000,1974-11-01,1974-11-01,,,,
12,Florida,4057,1986-06-01,1986-06-01,,,,
12,Florida,4059,1989-06-01,1989-06-01,,,,
12,Florida,4096,1974-05-01,1974-05-01,,,,
12,Florida,4097,1985-11-01,1986-01-01,,,,
12,Florida,4099,1976-06-01,1976-06-01,,,,
12,Florida,4100,1976-08-01,1976-08-01,,,,
12,Florida,4101,1967-05-01,1967-05-01,,,,
12,Florida,4103,1982-06-01,1982-06-01,,,,
12,Florida,4105,1984-12-01,1984-12-01,,,,
12,Florida,4106,1987-08-01,1987-08-01,,,,
12,Florida,4107,1983-10-01,1983-10-01,,,,
12,Florida,4108,1986-06-01,1986-06-01,,,,
12,Florida,4109,1989-03-01,1989-03-01,,,,
12,Florida,4135,1971-02-01,1971-02-01,,,,
12,Florida,4136,1971-02-01,1971-02-01,,,,
12,Florida,4137,1970-12-01,1971-02-01,,,,
12,Florida,4138,1974-11-01,1974-11-01,,,,
12,Florida,4154,1970-06-01,1970-06-01,,,,
12,Florida,B310,1974-06-01,1974-06-01,,,,
12,Florida,B320,1974-06-01,1974-06-01,,,,
12,Florida,B321,1974-06-01,1974-06-01,,,,
12,Florida,B330,1974-06-01,1974-06-01,,,,
12,Florida,B350,1974-06-01,1974-06-01,,,,
12,Florida,B351,1974-06-01,1974-06-01,,,,
12,Florida,B352,1974-06-01,1974-06-01,,,,
12,Florida,B360,1974-06-01,1974-06-01,,,,
12,Florida,C310,1970-06-01,1970-06-01,,,,
12,Florida,C320,1970-06-01,1970-06-01,,,,
12,Florida,C321,1970-06-01,1970-06-01,,,,
12,Florida,C330,1970-06-01,1970-06-01,,,,
12,Florida,C350,1970-06-01,1970-06-01,,,,
13,Georgia,1001,1986-09-01,1986-09-01,,,,
13,Georgia,1004,1983-06-01,1983-06-01,,,,
13,Georgia,1005,1986-06-01,1986-06-01,,,,
13,Georgia,1031,1981-06-01,1981-06-01,,,,
13,Georgia,3007,1981-12-01,1981-12-01,,,,
13,Georgia,3011,1975-05-01,1975-12-01,,,,
13,Georgia,3015,1978-09-01,1978-09-01,,,,
13,Georgia,3016,1977-12-01,1977-12-01,,,,
13,Georgia,3017,1973-12-01,1973-12-01,,,,
13,Georgia,3018,1973-07-01,1974-03-01,,,,
13,Georgia,3019,1981-12-01,1981-12-01,,,,
13,Georgia,3020,1985-09-01,1985-09-01,,,,
13,Georgia,4092,1986-06-01,1986-06-01,,,,
13,Georgia,4093,1986-06-01,1986-06-01,,,,
13,Georgia,4096,1985-06-01,1985-06-01,,,,
13,Georgia,4111,1980-11-01,1980-11-01,,,,
13,Georgia,4112,1977-06-01,1977-06-01,,,,
13,Georgia,4113,1977-06-01,1977-06-01,,,,
13,Georgia,4119,1978-06-01,1978-06-01,,,,
13,Georgia,4420,1984-04-01,1984-04-01,,,,
13,Georgia,5023,1974-06-01,1974-06-01,,,,
13,Georgia,7028,1986-11-01,1986-11-01,,,,
15,Hawaii,1003,1984-02-01,1984-02-01,,,,
15,Hawaii,1006,1980-07-01,1980-07-01,,,,
15,Hawaii,1008,1984-05-01,1984-05-01,,,,
15,Hawaii,7080,1975-03-01,1975-03-01,,,,
16,Idaho,1001,1973-08-01,1973-08-01,,,,
16,Idaho,1005,1975-07-01,1975-08-01,,,,
16,Idaho,1007,1972-06-01,1972-06-01,,,,
16,Idaho,1009,1974-10-01,1974-10-01,,,,
16,Idaho,1010,1969-10-01,1969-10-01,,,,
16,Idaho,1020,1986-09-01,1986-09-01,,,,
16,Idaho,1021,1985-10-01,1985-10-01,,,,
16,Idaho,3017,1986-09-01,1986-11-01,,,,
16,Idaho,3023,1983-10-01,1983-12-01,,,,
16,Idaho,5025,1972-09-01,1972-09-01,,,,
16,Idaho,6027,1960-09-01,1960-09-01,,,,
16,Idaho,9032,1987-10-01,1987-10-01,,,,
16,Idaho,9034,1988-10-01,1988-10-01,,,,
16,Idaho,A310,1986-09-01,1986-09-01,,,,
16,Idaho,A320,1986-09-01,1986-09-01,,,,
16,Idaho,A330,1986-09-01,1986-09-01,,,,
16,Idaho,A350,1986-09-01,1986-09-01,,,,
16,Idaho,B310,1985-10-01,1985-10-01,,,,
16,Idaho,B320,1985-10-01,1985-10-01,,,,
16,Idaho,B330,1985-10-01,1985-10-01,,,,
16,Idaho,B350,1985-10-01,1985-10-01,,,,
16,Idaho,C310,1969-10-01,1969-10-01,,,,
16,Idaho,C320,1969-10-01,1969-10-01,,,,
16,Idaho,C330,1969-10-01,1969-10-01,,,,
16,Idaho,C350,1969-10-01,1969-10-01,,,,
17,Illinois,0601,1964-06-01,1965-04-01,,,,
17,Illinois,0602,1964-06-01,1965-04-01,,,,
17,Illinois,0603,1964-06-01,1965-04-01,,,,
17,Illinois,0604,1964-06-01,1965-04-01,,,,
17,Illinois,0605,1964-06-01,1965-04-01,,,,
17,Illinois,0606,1964-06-01,1965-04-01,,,,
17,Illinois,0607,1964-06-01,1965-04-01,,,,
17,Illinois,0608,1964-06-01,1965-04-01,,,,
17,Illinois,0659,1964-06-01,1965-04-01,,,,
17,Illinois,0660,1964-06-01,1965-04-01,,,,
17,Illinois,0661,1964-06-01,1965-04-01,,,,
17,Illinois,0662,1964-06-01,1965-04-01,,,,
17,Illinois,0663,1964-06-01,1965-04-01,,,,
17,Illinois,0664,1964-06-01,1965-04-01,,,,
17,Illinois,4074,1986-10-01,1986-11-01,,,,
17,Illinois,4082,1986-06-01,1986-10-01,,,,
17,Illinois,5020,1986-05-01,1986-10-01,,,,
17,Illinois,5151,1966-09-01,1966-10-01,,,,
17,Illinois,5217,1965-11-01,1965-12-01,,,,
17,Illinois,5423,1965-06-01,1965-06-01,,,,
17,Illinois,5453,1968-10-01,1968-12-01,,,,
17,Illinois,5843,1982-08-01,1982-09-01,,,,
17,Illinois,5849,1971-01-01,1971-11-01,,,,
17,Illinois,5854,1982-09-01,1982-10-01,,,,
17,Illinois,5869,1979-08-01,1979-12-01,,,,
17,Illinois,5908,1970-12-01,1971-04-01,,,,
17,Illinois,6050,1959-07-01,1959-07-01,1959.0,1.0,1.0,
17,Illinois,7937,1960-04-01,1960-08-01,,,,
17,Illinois,9267,1966-01-01,1966-10-01,,,,
17,Illinois,9327,1965-11-01,1965-12-01,,,,
18,Indiana,0601,1972-01-01,1974-01-01,,,,
18,Indiana,0602,1972-01-01,1974-01-01,,,,
18,Indiana,0603,1972-01-01,1974-01-01,,,,
18,Indiana,0604,1972-01-01,1974-01-01,,,,
18,Indiana,0605,1972-01-01,1974-01-01,,,,
18,Indiana,0606,1972-01-01,1974-01-01,,,,
18,Indiana,0607,1972-01-01,1974-01-01,,,,
18,Indiana,0608,1972-01-01,1974-01-01,,,,
18,Indiana,0659,1972-01-01,1974-01-01,,,,
18,Indiana,0660,1972-01-01,1974-01-01,,,,
18,Indiana,0661,1972-01-01,1974-01-01,,,,
18,Indiana,0662,1972-01-01,1974-01-01,,,,
18,Indiana,0663,1972-01-01,1974-01-01,,,,
18,Indiana,0664,1972-01-01,1974-01-01,,,,
18,Indiana,0665,1972-01-01,1974-01-01,,,,
18,Indiana,0666,1972-01-01,1974-01-01,,,,
18,Indiana,0667,1972-01-01,1974-01-01,,,,
18,Indiana,0668,1972-01-01,1974-01-01,,,,
18,Indiana,0669,1972-01-01,1974-01-01,,,,
18,Indiana,0670,1972-01-01,1974-01-01,,,,
18,Indiana,0671,1972-01-01,1974-01-01,,,,
18,Indiana,0672,1972-01-01,1974-01-01,,,,
18,Indiana,2008,1980-01-01,1980-01-01,,,,
18,Indiana,2009,1981-01-01,1981-01-01,,,,
18,Indiana,3002,1976-08-01,1976-08-01,1976.0,2.0,2.0,
18,Indiana,3003,1975-01-01,1975-01-01,,,,
18,Indiana,3030,1981-01-01,1981-01-01,,,,
18,Indiana,3031,1977-07-01,1977-07-01,,,,
18,Indiana,4021,1975-01-01,1975-01-01,,,,
18,Indiana,4042,1974-06-01,1974-06-01,1976.0,1.0,1.0,
18,Indiana,5022,1972-01-01,1972-01-01,,,,
18,Indiana,5043,1969-01-01,1969-01-01,,,,
18,Indiana,5518,1970-10-01,1970-12-01,,,,
18,Indiana,5528,1962-06-01,1962-07-01,,,,
18,Indiana,5538,1962-06-01,1962-06-01,,,,
18,Indiana,9020,1964-08-01,1964-09-01,,,,
18,Indiana,A410,1977-07-01,1977-07-01,,,,
18,Indiana,A430,1977-07-01,1977-07-01,,,,
19,Iowa,0101,1992-11-01,1993-06-01,,2.0,,
19,Iowa,0102,1992-11-01,1993-06-01,,2.0,,
19,Iowa,0103,1992-11-01,1993-06-01,,2.0,,
19,Iowa,0104,1992-11-01,1993-06-01,,2.0,,
19,Iowa,0105,1992-11-01,1993-06-01,,2.0,,
19,Iowa,0106,1992-11-01,1993-06-01,,2.0,,
19,Iowa,0107,1992-11-01,1993-06-01,,2.0,,
19,Iowa,0108,1992-11-01,1993-06-01,,2.0,,
19,Iowa,0109,1992-11-01,1993-06-01,,2.0,,
19,Iowa,0110,1992-11-01,1993-06-01,,2.0,,
19,Iowa,0111,1992-11-01,1993-06-01,,2.0,,
19,Iowa,0112,1992-11-01,1993-06-01,,2.0,,
19,Iowa,0159,1992-11-01,1993-06-01,,2.0,,
19,Iowa,0213,1994-08-01,1994-12-01,,2.0,,
19,Iowa,0214,1994-08-01,1994-12-01,,2.0,,
19,Iowa,0215,1994-08-01,1994-12-01,,2.0,,
19,Iowa,0216,1994-08-01,1994-12-01,,2.0,,
19,Iowa,0217,1994-08-01,1994-12-01,,2.0,,
19,Iowa,0218,1994-08-01,1994-12-01,,2.0,,
19,Iowa,0219,1994-08-01,1994-12-01,,2.0,,
19,Iowa,0220,1994-08-01,1994-12-01,,2.0,,
19,Iowa,0221,1994-08-01,1994-12-01,,2.0,,
19,Iowa,0222,1994-08-01,1994-12-01,,2.0,,
19,Iowa,0223,1994-08-01,1994-12-01,,2.0,,
19,Iowa,0224,1994-08-01,1994-12-01,,2.0,,
19,Iowa,0259,1994-08-01,1994-12-01,,2.0,,
19,Iowa,0601,1965-11-01,1965-11-01,,,,
19,Iowa,0602,1965-11-01,1965-11-01,,,,
19,Iowa,0603,1965-11-01,1965-11-01,,,,
19,Iowa,0604,1965-11-01,1965-11-01,,,,
19,Iowa,0605,1965-11-01,1965-11-01,,,,
19,Iowa,0606,1965-11-01,1965-11-01,,,,
19,Iowa,0607,1965-11-01,1965-11-01,,,,
19,Iowa,0608,1965-11-01,1965-11-01,,,,
19,Iowa,0659,1965-11-01,1965-11-01,,,,
19,Iowa,0701,1967-09-01,1967-10-01,,,,
19,Iowa,0702,1967-09-01,1967-10-01,,,,
19,Iowa,0703,1967-09-01,1967-10-01,,,,
19,Iowa,0704,1967-09-01,1967-10-01,,,,
19,Iowa,0705,1967-09-01,1967-10-01,,,,
19,Iowa,0706,1967-09-01,1967-10-01,,,,
19,Iowa,0707,1967-09-01,1967-10-01,,,,
19,Iowa,0708,1967-09-01,1967-10-01,,,,
19,Iowa,0709,1967-09-01,1967-10-01,,,,
19,Iowa,0759,1967-09-01,1967-10-01,,,,
19,Iowa,3006,1975-10-01,1975-11-01,,,,
19,Iowa,3009,1975-12-01,1976-06-01,,,,
19,Iowa,3028,1984-11-01,1985-06-01,,,,
19,Iowa,3033,1983-08-01,1983-10-01,,,,
19,Iowa,3055,1968-11-01,1969-08-01,,,,
19,Iowa,5042,1975-09-01,1975-11-01,,,,
19,Iowa,5046,1975-09-01,1975-11-01,,,,
19,Iowa,6150,1952-06-01,1952-08-01,,,,
19,Iowa,9116,1972-06-01,1972-08-01,,,,
19,Iowa,9126,1964-12-01,1965-01-01,,,,
19,Iowa,A310,1952-06-01,1952-08-01,,,,
19,Iowa,A320,1952-06-01,1952-08-01,,,,
19,Iowa,A330,1952-06-01,1952-08-01,,,,
19,Iowa,A340,1952-06-01,1952-08-01,,,,
19,Iowa,A350,1952-06-01,1952-08-01,,,,
19,Iowa,A410,1968-11-01,1969-08-01,,,,
19,Iowa,A430,1968-11-01,1969-08-01,,,,
19,Iowa,B410,1975-12-01,1976-06-01,,,,
19,Iowa,B430,1975-12-01,1976-06-01,,,,
20,Kansas,0101,1993-11-01,1993-11-01,,1.0,,
20,Kansas,0102,1993-11-01,1993-11-01,,1.0,,
20,Kansas,0103,1993-11-01,1993-11-01,,1.0,,
20,Kansas,0104,1993-11-01,1993-11-01,,1.0,,
20,Kansas,0105,1993-11-01,1993-11-01,,1.0,,
20,Kansas,0106,1993-11-01,1993-11-01,,1.0,,
20,Kansas,0107,1993-11-01,1993-11-01,,1.0,,
20,Kansas,0108,1993-11-01,1993-11-01,,1.0,,
20,Kansas,0109,1993-11-01,1993-11-01,,1.0,,
20,Kansas,0110,1993-11-01,1993-11-01,,1.0,,
20,Kansas,0111,1993-11-01,1993-11-01,,1.0,,
20,Kansas,0112,1993-11-01,1993-11-01,,1.0,,
20,Kansas,0160,1993-11-01,1993-11-01,,1.0,,
20,Kansas,0161,1993-11-01,1993-11-01,,1.0,,
20,Kansas,0163,1993-11-01,1993-11-01,,1.0,,
20,Kansas,0201,1992-07-31,1992-08-01,,2.0,,
20,Kansas,0202,1992-07-31,1992-08-01,,2.0,,
20,Kansas,0203,1992-07-31,1992-08-01,,2.0,,
20,Kansas,0204,1992-07-31,1992-08-01,,2.0,,
20,Kansas,0205,1992-07-31,1992-08-01,,2.0,,
20,Kansas,0206,1992-07-31,1992-08-01,,2.0,,
20,Kansas,0207,1992-07-31,1992-08-01,,2.0,,
20,Kansas,0208,1992-07-31,1992-08-01,,2.0,,
20,Kansas,0209,1992-07-31,1992-08-01,,2.0,,
20,Kansas,0210,1992-07-31,1992-08-01,,2.0,,
20,Kansas,0211,1992-07-31,1992-08-01,,2.0,,
20,Kansas,0212,1992-07-31,1992-08-01,,2.0,,
20,Kansas,0259,1992-07-31,1992-08-01,,2.0,,
20,Kansas,0901,1993-10-31,1993-11-01,,1.0,,
20,Kansas,0902,1993-10-31,1993-11-01,,1.0,,
20,Kansas,0903,1993-10-31,1993-11-01,,1.0,,
20,Kansas,3013,1984-01-01,1984-01-01,,,,
20,Kansas,3015,1985-01-01,1985-01-01,,,,
20,Kansas,3060,1984-11-01,1984-12-01,,,,
20,Kansas,4016,1979-06-01,1979-06-01,,,,
20,Kansas,4052,1983-06-01,1983-06-01,,,,
20,Kansas,4053,1987-06-01,1987-06-01,,,,
20,Kansas,4054,1985-10-01,1985-11-01,,,,
20,Kansas,4063,1981-06-01,1981-06-01,,,,
20,Kansas,4067,1976-06-01,1976-06-01,,,,
20,Kansas,7073,1961-01-01,1961-01-01,,,,
20,Kansas,7085,1960-06-01,1960-06-01,,,,
20,Kansas,9037,1957-08-01,1957-09-01,,,,
20,Kansas,A410,1985-10-01,1985-11-01,,,,
20,Kansas,A411,1985-10-01,1985-11-01,,,,
20,Kansas,A412,1985-10-01,1985-11-01,,,,
20,Kansas,A430,1985-10-01,1985-11-01,,,,
20,Kansas,B410,1979-06-01,1979-06-01,,,,
20,Kansas,B430,1979-06-01,1979-06-01,,,,
21,Kentucky,1010,1985-05-01,1985-06-01,,,,
21,Kentucky,3016,1985-11-01,1985-11-01,,,,
21,Kentucky,4025,1973-01-01,1973-02-01,,,,
21,Kentucky,6040,1967-06-01,1967-06-01,,,,
21,Kentucky,6043,1971-06-01,1971-06-01,,,,
21,Kentucky,A310,1985-05-01,1985-06-01,,,,
21,Kentucky,A320,1985-05-01,1985-06-01,,,,
21,Kentucky,A330,1985-05-01,1985-06-01,,,,
21,Kentucky,A340,1985-05-01,1985-06-01,,,,
21,Kentucky,A350,1985-05-01,1985-06-01,,,,
21,Kentucky,A410,1985-11-01,1985-11-01,,,,
21,Kentucky,A430,1985-11-01,1985-11-01,,,,
22,Louisiana,3056,1987-01-01,1988-01-01,,,,
22,Louisiana,4001,1970-06-01,1970-06-01,,,,
23,Maine,0501,1972-11-01,1972-11-01,,,,
23,Maine,0502,1972-11-01,1972-11-01,,,,
23,Maine,0503,1972-11-01,1972-11-01,,,,
23,Maine,0504,1972-11-01,1972-11-01,,,,
23,Maine,0505,1972-11-01,1972-11-01,,,,
23,Maine,0506,1972-11-01,1972-11-01,,,,
23,Maine,0507,1972-11-01,1972-11-01,,,,
23,Maine,0508,1972-11-01,1972-11-01,,,,
23,Maine,0509,1972-11-01,1972-11-01,,,,
23,Maine,0559,1972-11-01,1972-11-01,,,,
23,Maine,1001,1972-11-01,1972-11-01,,,,
23,Maine,1009,1970-09-01,1970-09-01,,,,
23,Maine,1012,1985-08-01,1985-09-01,,,,
23,Maine,1026,1973-07-01,1973-08-01,,,,
23,Maine,1028,1972-11-01,1972-11-01,,,,
23,Maine,3013,1973-11-01,1973-11-01,,,,
23,Maine,3014,1973-11-01,1973-11-01,,,,
23,Maine,7023,1951-11-01,1951-11-01,,,,
24,Maryland,0501,1971-11-01,1971-11-01,,,,
24,Maryland,0502,1971-11-01,1971-11-01,,,,
24,Maryland,0503,1971-11-01,1971-11-01,,,,
24,Maryland,0504,1971-11-01,1971-11-01,,,,
24,Maryland,0505,1971-11-01,1971-11-01,,,,
24,Maryland,0506,1971-11-01,1971-11-01,,,,
24,Maryland,0507,1971-11-01,1971-11-01,,,,
24,Maryland,0508,1971-11-01,1971-11-01,,,,
24,Maryland,0509,1971-11-01,1971-11-01,,,,
24,Maryland,0559,1971-11-01,1971-11-01,,,,
24,Maryland,0560,1971-11-01,1971-11-01,,,,
24,Maryland,0561,1971-11-01,1971-11-01,,,,
24,Maryland,0562,1971-11-01,1971-11-01,,,,
24,Maryland,0563,1971-11-01,1971-11-01,,,,
24,Maryland,0901,1986-10-01,1986-10-01,,,,
24,Maryland,0902,1986-10-01,1986-10-01,,,,
24,Maryland,0903,1986-10-01,1986-10-01,,,,
24,Maryland,0960,1986-10-01,1986-10-01,,,,
24,Maryland,0961,1986-10-01,1986-10-01,,,,
24,Maryland,0962,1986-10-01,1986-10-01,,,,
24,Maryland,1632,1986-10-01,1987-07-01,,,,
24,Maryland,1634,1976-06-01,1976-06-01,,,,
24,Maryland,2401,1987-07-01,1987-11-01,,,,
24,Maryland,2805,1986-10-01,1986-10-01,,,,
24,Maryland,5807,1988-09-01,1990-06-01,,,,
24,Maryland,A310,1976-06-01,1976-06-01,,,,
24,Maryland,A311,1976-06-01,1976-06-01,,,,
24,Maryland,A320,1976-06-01,1976-06-01,,,,
24,Maryland,A330,1976-06-01,1976-06-01,,,,
24,Maryland,A331,1976-06-01,1976-06-01,,,,
24,Maryland,A340,1976-06-01,1976-06-01,,,,
24,Maryland,A350,1976-06-01,1976-06-01,,,,
25,Massachusetts,1002,1982-05-01,1982-09-01,,,,
25,Massachusetts,1003,1974-09-01,1974-09-01,,,,
25,Massachusetts,1004,1974-07-01,1974-11-01,,,,
26,Michigan,0601,1958-06-01,1958-06-01,,,,
26,Michigan,0602,1958-06-01,1958-06-01,,,,
26,Michigan,0603,1958-06-01,1958-06-01,,,,
26,Michigan,0604,1958-06-01,1958-06-01,,,,
26,Michigan,0605,1958-06-01,1958-06-01,,,,
26,Michigan,0606,1958-06-01,1958-06-01,,,,
26,Michigan,0607,1958-06-01,1958-06-01,,,,
26,Michigan,0608,1958-06-01,1958-06-01,,,,
26,Michigan,0659,1958-06-01,1958-06-01,,,,
26,Michigan,0901,1973-09-01,1973-12-01,,,,
26,Michigan,0902,1973-09-01,1973-12-01,,,,
26,Michigan,0903,1973-09-01,1973-12-01,,,,
26,Michigan,1001,1971-09-01,1971-09-01,,,,
26,Michigan,1004,1985-07-01,1985-07-01,,,,
26,Michigan,1010,1975-07-01,1975-08-01,,,,
26,Michigan,1012,1980-01-01,1980-01-01,,,,
26,Michigan,1013,1980-10-01,1980-11-01,,,,
26,Michigan,3068,1974-10-01,1974-11-01,,,,
26,Michigan,4015,1985-06-01,1985-06-01,,,,
26,Michigan,5363,1976-11-01,1976-12-01,,,,
26,Michigan,6016,1970-10-01,1970-11-01,,,,
26,Michigan,7072,1962-06-01,1962-06-01,,,,
26,Michigan,9029,1959-08-01,1959-09-01,,,,
26,Michigan,9030,1960-08-01,1960-09-01,,,,
26,Michigan,A310,1980-10-01,1980-11-01,,,,
26,Michigan,A320,1980-10-01,1980-11-01,,,,
26,Michigan,A321,1980-10-01,1980-11-01,,,,
26,Michigan,A330,1980-10-01,1980-11-01,,,,
26,Michigan,A340,1980-10-01,1980-11-01,,,,
26,Michigan,A350,1980-10-01,1980-11-01,,,,
26,Michigan,B310,1980-01-01,1980-01-01,,,,
26,Michigan,B320,1980-01-01,1980-01-01,,,,
26,Michigan,B321,1980-01-01,1980-01-01,,,,
26,Michigan,B330,1980-01-01,1980-01-01,,,,
26,Michigan,B340,1980-01-01,1980-01-01,,,,
26,Michigan,B350,1980-01-01,1980-01-01,,,,
26,Michigan,C310,1971-09-01,1971-09-01,,,,
26,Michigan,C320,1971-09-01,1971-09-01,,,,
26,Michigan,C330,1971-09-01,1971-09-01,,,,
26,Michigan,C340,1971-09-01,1971-09-01,,,,
26,Michigan,C350,1971-09-01,1971-09-01,,,,
26,Michigan,C351,1971-09-01,1971-09-01,,,,
26,Michigan,D310,1975-07-01,1975-08-01,,,,
26,Michigan,D320,1975-07-01,1975-08-01,,,,
26,Michigan,D330,1975-07-01,1975-08-01,,,,
26,Michigan,D340,1975-07-01,1975-08-01,,,,
26,Michigan,D350,1975-07-01,1975-08-01,,,,
26,Michigan,D351,1975-07-01,1975-08-01,,,,
27,Minnesota,0501,1969-07-01,1969-07-01,,,,
27,Minnesota,0502,1969-07-01,1969-07-01,,,,
27,Minnesota,0503,1969-07-01,1969-07-01,,,,
27,Minnesota,0504,1969-07-01,1969-07-01,,,,
27,Minnesota,0505,1969-07-01,1969-07-01,,,,
27,Minnesota,0506,1969-07-01,1969-07-01,,,,
27,Minnesota,0507,1969-07-01,1969-07-01,,,,
27,Minnesota,0508,1969-07-01,1969-07-01,,,,
27,Minnesota,0509,1969-07-01,1969-07-01,,,,
27,Minnesota,0559,1969-07-01,1969-07-01,,,,
27,Minnesota,0560,1969-07-01,1969-07-01,,,,
27,Minnesota,0561,1969-07-01,1969-07-01,,,,
27,Minnesota,0701,1970-07-01,1970-09-01,,,,
27,Minnesota,0702,1970-07-01,1970-09-01,,,,
27,Minnesota,0703,1970-07-01,1970-09-01,,,,
27,Minnesota,0704,1970-07-01,1970-09-01,,,,
27,Minnesota,0705,1970-07-01,1970-09-01,,,,
27,Minnesota,0706,1970-07-01,1970-09-01,,,,
27,Minnesota,0707,1970-07-01,1970-09-01,,,,
27,Minnesota,0708,1970-07-01,1970-09-01,,,,
27,Minnesota,0709,1970-07-01,1970-09-01,,,,
27,Minnesota,0759,1970-07-01,1970-09-01,,,,
27,Minnesota,0901,1954-01-01,1954-01-01,,,,
27,Minnesota,0902,1954-01-01,1954-01-01,,,,
27,Minnesota,0903,1954-01-01,1954-01-01,,,,
27,Minnesota,0909,1954-01-01,1954-01-01,,,,
27,Minnesota,0910,1954-01-01,1954-01-01,,,,
27,Minnesota,1003,1993-06-01,1994-07-01,,,,
27,Minnesota,1016,1976-01-01,1976-01-01,,,,
27,Minnesota,1017,1993-06-01,1994-07-01,,,,
27,Minnesota,1018,1979-01-01,1979-01-01,,,,
27,Minnesota,1019,1980-01-01,1980-01-01,,,,
27,Minnesota,1020,1993-06-01,1994-07-01,,,,
27,Minnesota,1023,1982-01-01,1982-01-01,,,,
27,Minnesota,2018,1993-06-01,1994-07-01,,,,
27,Minnesota,2023,1993-06-01,1994-07-01,,,,
27,Minnesota,3003,1985-10-01,1985-11-01,,,,
27,Minnesota,3005,1993-06-01,1994-07-01,,,,
27,Minnesota,3007,1993-06-01,1994-07-01,,,,
27,Minnesota,3009,1993-06-01,1994-07-01,,,,
27,Minnesota,3010,1993-06-01,1994-07-01,,,,
27,Minnesota,3012,1993-06-01,1994-07-01,,,,
27,Minnesota,3013,1985-10-01,1985-10-01,,,,
27,Minnesota,4033,1981-01-01,1981-01-01,,,,
27,Minnesota,4034,1973-01-01,1973-01-01,,,,
27,Minnesota,4037,1981-10-01,1981-10-01,,,,
27,Minnesota,4040,1979-10-01,1979-10-01,,,,
27,Minnesota,4050,1971-10-01,1971-10-01,,,,
27,Minnesota,4054,1972-10-01,1972-10-01,,,,
27,Minnesota,4055,1974-10-01,1974-10-01,,,,
27,Minnesota,4082,1969-09-01,1969-10-01,,,,
27,Minnesota,5076,1970-10-01,1970-10-01,,,,
27,Minnesota,6064,1968-01-01,1968-01-01,,,,
27,Minnesota,6251,1981-09-01,1981-10-01,,,,
27,Minnesota,6300,1969-08-01,1969-09-01,,,,
27,Minnesota,7090,1954-01-01,1954-01-01,,,,
27,Minnesota,A310,1976-01-01,1976-01-01,,,,
27,Minnesota,A320,1976-01-01,1976-01-01,,,,
27,Minnesota,A330,1976-01-01,1976-01-01,,,,
27,Minnesota,A340,1976-01-01,1976-01-01,,,,
27,Minnesota,A350,1976-01-01,1976-01-01,,,,
27,Minnesota,B310,1981-09-01,1981-10-01,,,,
27,Minnesota,B320,1981-09-01,1981-10-01,,,,
27,Minnesota,B330,1981-09-01,1981-10-01,,,,
27,Minnesota,B340,1981-09-01,1981-10-01,,,,
27,Minnesota,B350,1981-09-01,1981-10-01,,,,
27,Minnesota,D310,1980-01-01,1980-01-01,,,,
27,Minnesota,D320,1980-01-01,1980-01-01,,,,
27,Minnesota,D330,1980-01-01,1980-01-01,,,,
27,Minnesota,D340,1980-01-01,1980-01-01,,,,
27,Minnesota,D350,1980-01-01,1980-01-01,,,,
28,Mississippi,0501,1973-09-01,1973-09-01,,,,
28,Mississippi,0502,1973-09-01,1973-09-01,,,,
28,Mississippi,0503,1973-09-01,1973-09-01,,,,
28,Mississippi,0504,1973-09-01,1973-09-01,,,,
28,Mississippi,0505,1973-09-01,1973-09-01,,,,
28,Mississippi,0506,1973-09-01,1973-09-01,,,,
28,Mississippi,0507,1973-09-01,1973-09-01,,,,
28,Mississippi,0508,1973-09-01,1973-09-01,,,,
28,Mississippi,0509,1973-09-01,1973-09-01,,,,
28,Mississippi,0560,1973-09-01,1973-09-01,,,,
28,Mississippi,1001,1987-01-01,1987-01-01,,,,
28,Mississippi,1016,1986-11-01,1986-11-01,,,,
28,Mississippi,1802,1982-06-01,1982-06-01,,,,
28,Mississippi,2807,1982-12-01,1982-12-01,,,,
28,Mississippi,3018,1984-10-01,1984-11-01,,,,
28,Mississippi,3081,1984-10-01,1984-11-01,,,,
28,Mississippi,3082,1989-09-01,1989-10-01,,,,
28,Mississippi,3083,1978-11-01,1978-11-01,,,,
28,Mississippi,3085,1978-11-01,1978-11-01,,,,
28,Mississippi,3087,1982-10-01,1982-10-01,,,,
28,Mississippi,3089,1982-12-01,1982-12-01,,,,
28,Mississippi,3090,1973-09-01,1973-09-01,,,,
28,Mississippi,3091,1978-09-01,1978-09-01,,,,
28,Mississippi,3093,1981-09-01,1981-09-01,,,,
28,Mississippi,3094,1981-09-01,1981-09-01,,,,
28,Mississippi,3097,1962-06-01,1962-11-01,,,,
28,Mississippi,3099,1970-11-01,1970-11-01,,,,
28,Mississippi,4024,1973-04-01,1973-04-01,,,,
28,Mississippi,5006,1979-04-01,1979-04-01,,,,
28,Mississippi,5025,1978-07-01,1978-07-01,,,,
28,Mississippi,5803,1979-09-01,1979-09-01,,,,
28,Mississippi,5805,1975-06-01,1975-06-01,,,,
28,Mississippi,7012,1959-07-01,1959-07-01,,,,
28,Mississippi,9030,1964-09-01,1964-09-01,,,,
28,Mississippi,A310,1982-06-01,1982-06-01,,,,
28,Mississippi,A320,1982-06-01,1982-06-01,,,,
28,Mississippi,A330,1982-06-01,1982-06-01,,,,
28,Mississippi,A350,1982-06-01,1982-06-01,,,,
28,Mississippi,A410,1973-04-01,1973-04-01,,,,
28,Mississippi,A430,1973-04-01,1973-04-01,,,,
29,Missouri,0501,1981-10-01,1981-10-01,,,,
29,Missouri,0502,1981-10-01,1981-10-01,,,,
29,Missouri,0503,1981-10-01,1981-10-01,,,,
29,Missouri,0504,1981-10-01,1981-10-01,,,,
29,Missouri,0505,1981-10-01,1981-10-01,,,,
29,Missouri,0506,1981-10-01,1981-10-01,,,,
29,Missouri,0507,1981-10-01,1981-10-01,,,,
29,Missouri,0508,1981-10-01,1981-10-01,,,,
29,Missouri,0509,1981-10-01,1981-10-01,,,,
29,Missouri,0601,1975-07-01,1975-10-01,,,,
29,Missouri,0602,1975-07-01,1975-10-01,,,,
29,Missouri,0603,1975-07-01,1975-10-01,,,,
29,Missouri,0604,1975-07-01,1975-10-01,,,,
29,Missouri,0605,1975-07-01,1975-10-01,,,,
29,Missouri,0606,1975-07-01,1975-10-01,,,,
29,Missouri,0607,1975-07-01,1975-10-01,,,,
29,Missouri,0608,1975-07-01,1975-10-01,,,,
29,Missouri,0659,1975-07-01,1975-10-01,,,,
29,Missouri,0660,1975-07-01,1975-10-01,,,,
29,Missouri,0661,1975-07-01,1975-10-01,,,,
29,Missouri,0662,1975-07-01,1975-10-01,,,,
29,Missouri,0663,1975-07-01,1975-10-01,,,,
29,Missouri,0664,1975-07-01,1975-10-01,,,,
29,Missouri,0665,1975-07-01,1975-10-01,,,,
29,Missouri,0666,1975-07-01,1975-10-01,,,,
29,Missouri,0701,1955-09-01,1955-11-01,,,,
29,Missouri,0702,1955-09-01,1955-11-01,,,,
29,Missouri,0703,1955-09-01,1955-11-01,,,,
29,Missouri,0704,1955-09-01,1955-11-01,,,,
29,Missouri,0705,1955-09-01,1955-11-01,,,,
29,Missouri,0706,1955-09-01,1955-11-01,,,,
29,Missouri,0707,1955-09-01,1955-11-01,,,,
29,Missouri,0708,1955-09-01,1955-11-01,,,,
29,Missouri,0709,1955-09-01,1955-11-01,,,,
29,Missouri,0759,1955-09-01,1955-11-01,,,,
29,Missouri,0760,1955-09-01,1955-11-01,,,,
29,Missouri,0901,1966-04-01,1966-06-01,,,,
29,Missouri,0902,1966-04-01,1966-06-01,,,,
29,Missouri,0903,1966-04-01,1966-06-01,,,,
29,Missouri,0959,1966-04-01,1966-06-01,,,,
29,Missouri,0960,1966-04-01,1966-06-01,,,,
29,Missouri,0961,1966-04-01,1966-06-01,,,,
29,Missouri,0962,1966-04-01,1966-06-01,,,,
29,Missouri,0963,1966-04-01,1966-06-01,,,,
29,Missouri,0964,1966-04-01,1966-06-01,,,,
29,Missouri,1002,1986-04-01,1986-05-01,,,,
29,Missouri,1005,1974-05-01,1974-05-01,,,,
29,Missouri,1008,1986-04-01,1986-05-01,,,,
29,Missouri,1010,1980-08-01,1980-09-01,,,,
29,Missouri,4036,1983-07-01,1983-08-01,,,,
29,Missouri,4069,1974-10-01,1974-10-01,,,,
29,Missouri,5000,1977-07-01,1978-01-01,,,,
29,Missouri,5047,1971-10-01,1972-01-01,,,,
29,Missouri,5058,1977-07-01,1978-01-01,,,,
29,Missouri,5081,1977-07-01,1978-01-01,,,,
29,Missouri,5091,1977-07-01,1978-01-01,,,,
29,Missouri,5393,1957-10-01,1957-10-01,,,,
29,Missouri,5403,1965-10-01,1965-10-01,,,,
29,Missouri,5413,1965-10-01,1965-10-01,,,,
29,Missouri,5473,1960-08-01,1960-10-01,,,,
29,Missouri,5483,1972-05-01,1972-08-01,,,,
29,Missouri,5503,1983-06-01,1983-08-01,,,,
29,Missouri,6067,1965-06-01,1965-06-01,,,,
29,Missouri,7054,1957-06-01,1957-06-01,,,,
29,Missouri,7073,1964-06-01,1964-06-01,,,,
29,Missouri,A310,1974-05-01,1974-05-01,,,,
29,Missouri,A320,1974-05-01,1974-05-01,,,,
29,Missouri,A330,1974-05-01,1974-05-01,,,,
29,Missouri,A340,1974-05-01,1974-05-01,,,,
29,Missouri,A350,1974-05-01,1974-05-01,,,,
29,Missouri,A351,1974-05-01,1974-05-01,,,,
29,Missouri,A410,1977-07-01,1978-01-01,,,,
29,Missouri,A411,1977-07-01,1978-01-01,,,,
29,Missouri,A430,1977-07-01,1978-01-01,,,,
29,Missouri,A601,1969-07-01,1969-08-01,,,,
29,Missouri,A602,1969-07-01,1969-08-01,,,,
29,Missouri,A603,1969-07-01,1969-08-01,,,,
29,Missouri,A604,1969-07-01,1969-08-01,,,,
29,Missouri,A605,1969-07-01,1969-08-01,,,,
29,Missouri,A606,1969-07-01,1969-08-01,,,,
29,Missouri,A607,1969-07-01,1969-08-01,,,,
29,Missouri,A608,1969-07-01,1969-08-01,,,,
29,Missouri,B310,1986-04-01,1986-05-01,,,,
29,Missouri,B320,1986-04-01,1986-05-01,,,,
29,Missouri,B330,1986-04-01,1986-05-01,,,,
29,Missouri,B340,1986-04-01,1986-05-01,,,,
29,Missouri,B350,1986-04-01,1986-05-01,,,,
29,Missouri,B351,1986-04-01,1986-05-01,,,,
29,Missouri,B410,1983-06-01,1983-08-01,,,,
29,Missouri,B411,1983-06-01,1983-08-01,,,,
29,Missouri,B430,1983-06-01,1983-08-01,,,,
30,Montana,0113,1998-10-01,1998-10-01,,2.0,,
30,Montana,0114,1998-10-01,1998-10-01,,2.0,,
30,Montana,0115,1998-10-01,1998-10-01,,2.0,,
30,Montana,0116,1998-10-01,1998-10-01,,2.0,,
30,Montana,0117,1998-10-01,1998-10-01,,2.0,,
30,Montana,0118,1998-10-01,1998-10-01,,2.0,,
30,Montana,0119,1998-10-01,1998-10-01,,2.0,,
30,Montana,0120,1998-10-01,1998-10-01,,2.0,,
30,Montana,0121,1998-10-01,1998-10-01,,2.0,,
30,Montana,0122,1998-10-01,1998-10-01,,2.0,,
30,Montana,0123,1998-10-01,1998-10-01,,2.0,,
30,Montana,0124,1998-10-01,1998-10-01,,2.0,,
30,Montana,0502,1982-09-01,1982-09-01,,,,
30,Montana,0503,1982-09-01,1982-09-01,,,,
30,Montana,0504,1982-09-01,1982-09-01,,,,
30,Montana,0505,1982-09-01,1982-09-01,,,,
30,Montana,0506,1982-09-01,1982-09-01,,,,
30,Montana,0507,1982-09-01,1982-09-01,,,,
30,Montana,0508,1982-09-01,1982-09-01,,,,
30,Montana,0509,1982-09-01,1982-09-01,,,,
30,Montana,0560,1982-09-01,1982-09-01,,,,
30,Montana,0561,1982-09-01,1982-09-01,,,,
30,Montana,0805,1994-06-01,1994-06-01,,1.0,,
30,Montana,0806,1994-06-01,1994-06-01,,1.0,,
30,Montana,0901,1998-10-01,1998-10-01,,2.0,,
30,Montana,0902,1998-10-01,1998-10-01,,2.0,,
30,Montana,0903,1998-10-01,1998-10-01,,2.0,,
30,Montana,1001,1982-08-01,1982-08-01,,,,
30,Montana,6004,1965-04-01,1965-11-01,,,,
30,Montana,7066,1982-09-01,1982-09-01,,,,
30,Montana,7075,1964-10-01,1964-10-01,,,,
30,Montana,7076,1985-08-01,1985-08-01,,,,
30,Montana,7088,1981-06-01,1981-06-01,,,,
30,Montana,8129,1988-06-01,1988-06-01,,,,
30,Montana,A310,1982-08-01,1982-08-01,,,,
30,Montana,A320,1982-08-01,1982-08-01,,,,
30,Montana,A330,1982-08-01,1982-08-01,,,,
30,Montana,A350,1982-08-01,1982-08-01,,,,
31,Nebraska,0113,1995-07-01,1995-08-01,,2.0,,
31,Nebraska,0114,1995-07-01,1995-08-01,,2.0,,
31,Nebraska,0115,1995-07-01,1995-08-01,,2.0,,
31,Nebraska,0116,1995-07-01,1995-08-01,,2.0,,
31,Nebraska,0117,1995-07-01,1995-08-01,,2.0,,
31,Nebraska,0118,1995-07-01,1995-08-01,,2.0,,
31,Nebraska,0119,1995-07-01,1995-08-01,,2.0,,
31,Nebraska,0120,1995-07-01,1995-08-01,,2.0,,
31,Nebraska,0121,1995-07-01,1995-08-01,,2.0,,
31,Nebraska,0122,1995-07-01,1995-08-01,,2.0,,
31,Nebraska,0123,1995-07-01,1995-08-01,,2.0,,
31,Nebraska,0124,1995-07-01,1995-08-01,,2.0,,
31,Nebraska,0902,1995-07-31,1995-08-01,,2.0,,
31,Nebraska,0903,1995-07-31,1995-08-01,,2.0,,
31,Nebraska,0904,1995-07-31,1995-08-01,,2.0,,
31,Nebraska,3018,1985-05-01,1985-07-01,,,,
31,Nebraska,3023,1984-06-01,1984-06-01,,,,
31,Nebraska,3024,1984-12-01,1984-12-01,,,,
31,Nebraska,3028,1981-04-01,1981-04-01,,,,
31,Nebraska,3033,1986-09-01,1986-11-01,,,,
31,Nebraska,4019,1976-11-01,1976-11-01,,,,
31,Nebraska,5052,1969-12-01,1969-12-01,,,,
31,Nebraska,6701,1964-08-01,1964-09-01,1988.0,1.0,2.0,2.0
31,Nebraska,6702,1973-12-01,1974-01-01,,,,
31,Nebraska,7005,1961-06-01,1961-06-01,,,,
31,Nebraska,7017,1952-06-01,1952-06-01,,,,
31,Nebraska,7040,1950-06-01,1950-06-01,,,,
31,Nebraska,7050,1962-06-01,1962-06-01,,,,
31,Nebraska,A410,1981-04-01,1981-04-01,,,,
31,Nebraska,A430,1981-04-01,1981-04-01,,,,
31,Nebraska,B410,1984-06-01,1984-06-01,,,,
31,Nebraska,B430,1984-06-01,1984-06-01,,,,
31,Nebraska,C410,1976-11-01,1976-11-01,,,,
31,Nebraska,C430,1976-11-01,1976-11-01,,,,
32,Nevada,0101,1995-08-01,1995-09-01,,2.0,,
32,Nevada,0102,1995-08-01,1995-09-01,,2.0,,
32,Nevada,0103,1995-08-01,1995-09-01,,2.0,,
32,Nevada,0104,1995-08-01,1995-09-01,,2.0,,
32,Nevada,0105,1995-08-01,1995-09-01,,2.0,,
32,Nevada,0106,1995-08-01,1995-09-01,,2.0,,
32,Nevada,0107,1995-08-01,1995-09-01,,2.0,,
32,Nevada,0108,1995-08-01,1995-09-01,,2.0,,
32,Nevada,0109,1995-08-01,1995-09-01,,2.0,,
32,Nevada,0110,1995-08-01,1995-09-01,,2.0,,
32,Nevada,0111,1995-08-01,1995-09-01,,2.0,,
32,Nevada,0112,1995-08-01,1995-09-01,,2.0,,
32,Nevada,0201,1995-08-01,1995-09-01,,2.0,,
32,Nevada,0202,1995-08-01,1995-09-01,,2.0,,
32,Nevada,0203,1995-08-01,1995-09-01,,2.0,,
32,Nevada,0204,1995-08-01,1995-09-01,,2.0,,
32,Nevada,0205,1995-08-01,1995-09-01,,2.0,,
32,Nevada,0206,1995-08-01,1995-09-01,,2.0,,
32,Nevada,0207,1995-08-01,1995-09-01,,2.0,,
32,Nevada,0208,1995-08-01,1995-09-01,,2.0,,
32,Nevada,0209,1995-08-01,1995-09-01,,2.0,,
32,Nevada,0210,1995-08-01,1995-09-01,,2.0,,
32,Nevada,0211,1995-08-01,1995-09-01,,2.0,,
32,Nevada,0259,1995-08-01,1995-09-01,,2.0,,
32,Nevada,1020,1984-06-01,1984-06-01,,,,
32,Nevada,1021,1981-03-01,1982-03-01,,,,
32,Nevada,1030,1975-08-01,1975-08-01,,,,
32,Nevada,2027,1976-07-01,1976-07-01,,,,
32,Nevada,3010,1982-08-01,1982-08-01,,,,
32,Nevada,3013,1981-08-01,1981-12-01,,,,
32,Nevada,7000,1978-04-01,1978-04-01,,,,
32,Nevada,7084,1990-02-01,1990-02-01,,,,
32,Nevada,A310,1981-03-01,1982-03-01,,,,
32,Nevada,A320,1981-03-01,1982-03-01,,,,
32,Nevada,A330,1981-03-01,1982-03-01,,,,
32,Nevada,A350,1981-03-01,1982-03-01,,,,
32,Nevada,A351,1981-03-01,1982-03-01,,,,
32,Nevada,A352,1981-03-01,1982-03-01,,,,
32,Nevada,A410,1982-08-01,1982-08-01,,,,
32,Nevada,A420,1982-08-01,1982-08-01,,,,
32,Nevada,A430,1982-08-01,1982-08-01,,,,
32,Nevada,A451,1982-08-01,1982-08-01,,,,
32,Nevada,A452,1982-08-01,1982-08-01,,,,
32,Nevada,A453,1982-08-01,1982-08-01,,,,
32,Nevada,A454,1982-08-01,1982-08-01,,,,
32,Nevada,A455,1982-08-01,1982-08-01,,,,
32,Nevada,A456,1982-08-01,1982-08-01,,,,
32,Nevada,A457,1982-08-01,1982-08-01,,,,
32,Nevada,A458,1982-08-01,1982-08-01,,,,
32,Nevada,A459,1982-08-01,1982-08-01,,,,
32,Nevada,A460,1982-08-01,1982-08-01,,,,
32,Nevada,A461,1982-08-01,1982-08-01,,,,
32,Nevada,A462,1982-08-01,1982-08-01,,,,
32,Nevada,A463,1982-08-01,1982-08-01,,,,
32,Nevada,A464,1982-08-01,1982-08-01,,,,
32,Nevada,B310,1978-04-01,1978-04-01,,,,
32,Nevada,B320,1978-04-01,1978-04-01,,,,
32,Nevada,B330,1978-04-01,1978-04-01,,,,
32,Nevada,B340,1978-04-01,1978-04-01,,,,
32,Nevada,B350,1978-04-01,1978-04-01,,,,
32,Nevada,C310,1976-07-01,1976-07-01,,,,
32,Nevada,C320,1976-07-01,1976-07-01,,,,
32,Nevada,C330,1976-07-01,1976-07-01,,,,
32,Nevada,C350,1976-07-01,1976-07-01,,,,
33,New Hampshire,1001,1981-01-01,1981-09-01,,,,
34,New Jersey,0501,1968-11-01,1972-08-01,,,,
34,New Jersey,0502,1968-11-01,1972-08-01,,,,
34,New Jersey,0503,1968-11-01,1972-08-01,,,,
34,New Jersey,0504,1968-11-01,1972-08-01,,,,
34,New Jersey,0505,1968-11-01,1972-08-01,,,,
34,New Jersey,0506,1968-11-01,1972-08-01,,,,
34,New Jersey,0507,1968-11-01,1972-08-01,,,,
34,New Jersey,0508,1968-11-01,1972-08-01,,,,
34,New Jersey,0509,1968-11-01,1972-08-01,,,,
34,New Jersey,0559,1968-11-01,1972-08-01,,,,
34,New Jersey,0560,1968-11-01,1972-08-01,,,,
34,New Jersey,1003,1973-12-01,1974-07-01,,,,
34,New Jersey,1011,1970-03-01,1972-01-01,,,,
34,New Jersey,1030,1969-07-01,1969-10-01,,,,
34,New Jersey,1031,1973-04-01,1973-09-01,,,,
34,New Jersey,1033,1974-05-01,1974-10-01,,,,
34,New Jersey,1034,1985-09-01,1985-11-01,,,,
34,New Jersey,1638,1985-09-01,1985-11-01,,,,
34,New Jersey,4042,1967-08-01,1967-08-01,,,,
34,New Jersey,6057,1961-06-01,1961-06-01,,,,
35,New Mexico,0501,1965-06-01,1965-07-01,,,,
35,New Mexico,0502,1965-06-01,1965-07-01,,,,
35,New Mexico,0503,1965-06-01,1965-07-01,,,,
35,New Mexico,0504,1965-06-01,1965-07-01,,,,
35,New Mexico,0505,1965-06-01,1965-07-01,,,,
35,New Mexico,0506,1965-06-01,1965-07-01,,,,
35,New Mexico,0507,1965-06-01,1965-07-01,,,,
35,New Mexico,0508,1965-06-01,1965-07-01,,,,
35,New Mexico,0509,1965-06-01,1965-07-01,,,,
35,New Mexico,0901,1965-06-01,1965-07-01,,,,
35,New Mexico,0902,1965-06-01,1965-07-01,,,,
35,New Mexico,0903,1965-06-01,1965-07-01,,,,
35,New Mexico,0959,1965-06-01,1965-07-01,,,,
35,New Mexico,1002,1958-06-01,1958-06-01,,,,
35,New Mexico,1003,1982-06-01,1983-06-01,1982.0,1.0,2.0,2.0
35,New Mexico,1005,1983-10-01,1983-10-01,,,,
35,New Mexico,1022,1986-10-01,1986-10-01,,,,
35,New Mexico,1112,1984-06-01,1984-06-01,,,,
35,New Mexico,2006,1982-07-01,1982-07-01,,,,
35,New Mexico,2007,1977-07-01,1977-07-01,,,,
35,New Mexico,2118,1980-01-01,1980-01-01,,,,
35,New Mexico,3010,1983-06-01,1984-06-01,,,,
35,New Mexico,6033,1958-06-01,1958-06-01,,,,
35,New Mexico,6035,1965-06-01,1965-06-01,,,,
35,New Mexico,6401,1970-06-01,1970-06-01,,,,
36,New York,0801,1994-08-01,1994-09-01,,2.0,,
36,New York,0802,1994-08-01,1994-09-01,,2.0,,
36,New York,0859,1994-08-01,1994-09-01,,2.0,,
36,New York,1008,1980-11-01,1980-11-05,,,,
36,New York,1011,1984-06-01,1985-03-01,,,,
36,New York,1643,1978-05-01,1979-02-01,,,,
36,New York,1644,1980-08-01,1980-11-01,,,,
36,New York,4017,1973-06-01,1974-01-01,,,,
36,New York,A310,1978-05-01,1979-02-01,,,,
36,New York,A320,1978-05-01,1979-02-01,,,,
36,New York,A321,1978-05-01,1979-02-01,,,,
36,New York,A330,1978-05-01,1979-02-01,,,,
36,New York,A331,1978-05-01,1979-02-01,,,,
36,New York,A340,1978-05-01,1979-02-01,,,,
36,New York,A350,1978-05-01,1979-02-01,,,,
36,New York,B310,1980-08-01,1980-11-01,,,,
36,New York,B320,1980-08-01,1980-11-01,,,,
36,New York,B330,1980-08-01,1980-11-01,,,,
36,New York,B331,1980-08-01,1980-11-01,,,,
36,New York,B340,1980-08-01,1980-11-01,,,,
36,New York,B350,1980-08-01,1980-11-01,,,,
36,New York,B351,1980-08-01,1980-11-01,,,,
36,New York,B352,1980-08-01,1980-11-01,,,,
36,New York,B353,1980-08-01,1980-11-01,,,,
36,New York,B354,1980-08-01,1980-11-01,,,,
37,North Carolina,0201,1994-07-01,1994-07-01,,2.0,,
37,North Carolina,0202,1994-07-01,1994-07-01,,2.0,,
37,North Carolina,0203,1994-07-01,1994-07-01,,2.0,,
37,North Carolina,0204,1994-07-01,1994-07-01,,2.0,,
37,North Carolina,0205,1994-07-01,1994-07-01,,2.0,,
37,North Carolina,0206,1994-07-01,1994-07-01,,2.0,,
37,North Carolina,0207,1994-07-01,1994-07-01,,2.0,,
37,North Carolina,0208,1994-07-01,1994-07-01,,2.0,,
37,North Carolina,0209,1994-07-01,1994-07-01,,2.0,,
37,North Carolina,0210,1994-07-01,1994-07-01,,2.0,,
37,North Carolina,0211,1994-07-01,1994-07-01,,2.0,,
37,North Carolina,0212,1994-07-01,1994-07-01,,2.0,,
37,North Carolina,0259,1994-07-01,1994-07-01,,2.0,,
37,North Carolina,0260,1994-07-01,1994-07-01,,2.0,,
37,North Carolina,0801,1997-12-01,1997-12-01,,1.0,,
37,North Carolina,0802,1997-12-01,1997-12-01,,1.0,,
37,North Carolina,0859,1997-12-01,1997-12-01,,1.0,,
37,North Carolina,0901,1997-07-12,1998-09-01,,2.0,,
37,North Carolina,0902,1997-07-12,1998-09-01,,2.0,,
37,North Carolina,0903,1997-07-12,1998-09-01,,2.0,,
37,North Carolina,1006,1982-07-01,1982-07-01,,,,
37,North Carolina,1024,1980-11-01,1980-11-01,,,,
37,North Carolina,1028,1982-05-01,1982-05-01,,,,
37,North Carolina,1030,1984-12-01,1984-12-01,,,,
37,North Carolina,1040,1978-09-01,1978-09-01,,,,
37,North Carolina,1352,1980-07-01,1980-07-01,,,,
37,North Carolina,1645,1986-10-01,1986-10-01,,,,
37,North Carolina,1801,1974-05-01,1974-05-01,,,,
37,North Carolina,1802,1985-10-01,1985-10-01,,,,
37,North Carolina,1803,1977-12-01,1977-12-01,1977.0,1.0,2.0,2.0
37,North Carolina,1814,1970-09-01,1970-09-01,,,,
37,North Carolina,1817,1983-12-01,1983-12-01,,,,
37,North Carolina,1992,1990-02-01,1990-02-01,,,,
37,North Carolina,2819,1981-08-01,1981-08-01,,,,
37,North Carolina,2824,1983-10-01,1983-10-01,,,,
37,North Carolina,2825,1987-02-01,1987-02-01,1987.0,1.0,2.0,2.0
37,North Carolina,3008,1984-06-01,1984-06-01,,,,
37,North Carolina,3011,1977-09-01,1977-09-01,,,,
37,North Carolina,3044,1966-08-01,1966-08-01,,,,
37,North Carolina,3807,1980-08-01,1980-08-01,,,,
37,North Carolina,3816,1973-04-01,1973-04-01,,,,
37,North Carolina,5037,1972-10-01,1972-10-01,,,,
37,North Carolina,5826,1977-06-01,1977-06-01,,,,
37,North Carolina,5827,1973-03-01,1973-03-01,,,,
37,North Carolina,A960,1998-09-26,1975-01-01,,,,
37,North Carolina,A961,1998-09-26,1975-01-01,,,,
37,North Carolina,A962,1998-09-26,1975-01-01,,,,
37,North Carolina,A963,1998-09-26,1975-01-01,,,,
37,North Carolina,A964,1998-09-26,1975-01-01,,,,
37,North Carolina,A965,1998-09-26,1975-01-01,,,,
38,North Dakota,0213,1994-10-31,1994-11-01,,2.0,,
38,North Dakota,0214,1994-10-31,1994-11-01,,2.0,,
38,North Dakota,0215,1994-10-31,1994-11-01,,2.0,,
38,North Dakota,0216,1994-10-31,1994-11-01,,2.0,,
38,North Dakota,0217,1994-10-31,1994-11-01,,2.0,,
38,North Dakota,0218,1994-10-31,1994-11-01,,2.0,,
38,North Dakota,0219,1994-10-31,1994-11-01,,2.0,,
38,North Dakota,0220,1994-10-31,1994-11-01,,2.0,,
38,North Dakota,0221,1994-10-31,1994-11-01,,2.0,,
38,North Dakota,0222,1994-10-31,1994-11-01,,2.0,,
38,North Dakota,0223,1994-10-31,1994-11-01,,2.0,,
38,North Dakota,0224,1994-10-31,1994-11-01,,2.0,,
38,North Dakota,0259,1994-10-31,1994-11-01,,2.0,,
38,North Dakota,0260,1994-10-31,1994-11-01,,2.0,,
38,North Dakota,0261,1994-10-31,1994-11-01,,2.0,,
38,North Dakota,0262,1994-10-31,1994-11-01,,2.0,,
38,North Dakota,0263,1994-10-31,1994-11-01,,2.0,,
38,North Dakota,0264,1994-10-31,1994-11-01,,2.0,,
38,North Dakota,2001,1978-05-01,1978-07-01,,,,
38,North Dakota,3005,1985-07-01,1985-07-01,,,,
38,North Dakota,3006,1987-10-01,1987-10-01,,,,
38,North Dakota,5002,1973-10-01,1973-11-01,,,,
39,Ohio,0101,1995-11-01,1995-11-01,,2.0,,
39,Ohio,0102,1995-11-01,1995-11-01,,2.0,,
39,Ohio,0103,1995-11-01,1995-11-01,,2.0,,
39,Ohio,0104,1995-11-01,1995-11-01,,2.0,,
39,Ohio,0105,1995-11-01,1995-11-01,,2.0,,
39,Ohio,0106,1995-11-01,1995-11-01,,2.0,,
39,Ohio,0107,1995-11-01,1995-11-01,,2.0,,
39,Ohio,0108,1995-11-01,1995-11-01,,2.0,,
39,Ohio,0109,1995-11-01,1995-11-01,,2.0,,
39,Ohio,0110,1995-11-01,1995-11-01,,2.0,,
39,Ohio,0111,1995-11-01,1995-11-01,,2.0,,
39,Ohio,0112,1995-11-01,1995-11-01,,2.0,,
39,Ohio,0159,1995-11-01,1995-11-01,,2.0,,
39,Ohio,0160,1995-11-01,1995-11-01,,2.0,,
39,Ohio,0201,1996-09-01,1996-10-01,,2.0,,
39,Ohio,0202,1996-09-01,1996-10-01,,2.0,,
39,Ohio,0203,1996-09-01,1996-10-01,,2.0,,
39,Ohio,0204,1996-09-01,1996-10-01,,2.0,,
39,Ohio,0205,1996-09-01,1996-10-01,,2.0,,
39,Ohio,0206,1996-09-01,1996-10-01,,2.0,,
39,Ohio,0207,1996-09-01,1996-10-01,,2.0,,
39,Ohio,0208,1996-09-01,1996-10-01,,2.0,,
39,Ohio,0209,1996-09-01,1996-10-01,,2.0,,
39,Ohio,0210,1996-09-01,1996-10-01,,2.0,,
39,Ohio,0211,1996-09-01,1996-10-01,,2.0,,
39,Ohio,0212,1996-09-01,1996-10-01,,2.0,,
39,Ohio,0259,1996-09-01,1996-10-01,,2.0,,
39,Ohio,0260,1996-09-01,1996-10-01,,2.0,,
39,Ohio,0261,1996-09-01,1996-10-01,,2.0,,
39,Ohio,0262,1996-09-01,1996-10-01,,2.0,,
39,Ohio,0263,1996-09-01,1996-10-01,,2.0,,
39,Ohio,0264,1996-09-01,1996-10-01,,2.0,,
39,Ohio,0265,1996-09-01,1996-10-01,,2.0,,
39,Ohio,0809,1994-11-01,1994-11-01,,1.0,,
39,Ohio,0810,1994-11-01,1994-11-01,,1.0,,
39,Ohio,0901,1995-12-31,1996-01-01,,2.0,,
39,Ohio,0902,1995-12-31,1996-01-01,,2.0,,
39,Ohio,0903,1995-12-31,1996-01-01,,2.0,,
39,Ohio,3013,1970-03-01,1970-07-01,,,,
39,Ohio,3801,1983-06-01,1983-12-01,,,,
39,Ohio,4018,1975-06-01,1975-07-01,,,,
39,Ohio,4031,1969-01-01,1969-05-01,,,,
39,Ohio,5003,1988-06-01,1988-09-01,,,,
39,Ohio,5010,1975-07-01,1975-07-01,,,,
39,Ohio,5569,1971-01-01,1971-10-01,,,,
39,Ohio,7021,1967-03-01,1967-12-01,,,,
39,Ohio,9006,1964-08-01,1964-09-01,,,,
39,Ohio,A410,1975-06-01,1975-07-01,,,,
39,Ohio,A411,1975-06-01,1975-07-01,,,,
39,Ohio,A412,1975-06-01,1975-07-01,,,,
39,Ohio,A430,1975-06-01,1975-07-01,,,,
39,Ohio,A803,1997-10-31,1997-11-01,,1.0,,
39,Ohio,A804,1997-10-31,1997-11-01,,1.0,,
39,Ohio,B410,1983-06-01,1983-12-01,,,,
39,Ohio,B411,1983-06-01,1983-12-01,,,,
39,Ohio,B412,1983-06-01,1983-12-01,,,,
39,Ohio,B430,1983-06-01,1983-12-01,,,,
40,Oklahoma,0601,1962-11-01,1963-01-01,,,,
40,Oklahoma,0602,1962-11-01,1963-01-01,,,,
40,Oklahoma,0603,1962-11-01,1963-01-01,,,,
40,Oklahoma,0604,1962-11-01,1963-01-01,,,,
40,Oklahoma,0605,1962-11-01,1963-01-01,,,,
40,Oklahoma,0606,1962-11-01,1963-01-01,,,,
40,Oklahoma,0607,1962-11-01,1963-01-01,,,,
40,Oklahoma,0608,1962-11-01,1963-01-01,,,,
40,Oklahoma,1015,1978-04-01,1978-04-01,,,,
40,Oklahoma,1017,1981-10-01,1981-10-01,,,,
40,Oklahoma,3018,1976-06-01,1976-06-01,,,,
40,Oklahoma,4086,1970-06-01,1970-06-01,,,,
40,Oklahoma,4087,1986-04-01,1986-07-01,,,,
40,Oklahoma,4088,1975-06-01,1975-06-01,,,,
40,Oklahoma,4154,1989-01-01,1989-03-01,,,,
40,Oklahoma,4157,1986-03-01,1986-03-01,,,,
40,Oklahoma,4158,1989-06-01,1989-06-01,,,,
40,Oklahoma,4160,1979-06-01,1979-06-01,,,,
40,Oklahoma,4161,1984-04-01,1984-04-01,,,,
40,Oklahoma,4162,1985-06-01,1985-06-01,,,,
40,Oklahoma,4163,1987-04-01,1987-04-01,,,,
40,Oklahoma,4164,1978-05-01,1978-05-01,,,,
40,Oklahoma,4165,1984-06-01,1984-06-01,,,,
40,Oklahoma,4166,1990-05-01,1990-06-01,,,,
40,Oklahoma,5021,1987-10-01,1987-10-01,,,,
40,Oklahoma,A320,1986-04-01,1986-07-01,,,,
40,Oklahoma,A330,1986-04-01,1986-07-01,,,,
40,Oklahoma,A340,1986-04-01,1986-07-01,,,,
40,Oklahoma,A350,1986-04-01,1986-07-01,,,,
40,Oklahoma,A410,1979-06-01,1979-06-01,,,,
40,Oklahoma,A420,1979-06-01,1979-06-01,,,,
40,Oklahoma,A430,1979-06-01,1979-06-01,,,,
40,Oklahoma,B310,1978-04-01,1978-04-01,,,,
40,Oklahoma,B320,1978-04-01,1978-04-01,,,,
40,Oklahoma,B330,1978-04-01,1978-04-01,,,,
40,Oklahoma,B350,1978-04-01,1978-04-01,,,,
40,Oklahoma,B360,1978-04-01,1978-04-01,,,,
40,Oklahoma,C310,1975-06-01,1975-06-01,,,,
40,Oklahoma,C320,1975-06-01,1975-06-01,,,,
40,Oklahoma,C330,1975-06-01,1975-06-01,,,,
40,Oklahoma,C350,1975-06-01,1975-06-01,,,,
41,Oregon,2002,1971-06-01,1971-06-01,,,,
41,Oregon,5005,1985-10-01,1985-10-01,,,,
41,Oregon,5006,1973-06-01,1973-06-01,,,,
41,Oregon,5008,1972-06-01,1972-06-01,,,,
41,Oregon,5021,1986-07-01,1986-07-01,,,,
41,Oregon,5022,1984-10-01,1984-10-01,,,,
41,Oregon,6011,1961-06-01,1961-06-01,,,,
41,Oregon,6012,1953-06-01,1953-06-01,,,,
41,Oregon,7018,1948-10-01,1948-10-01,,,,
41,Oregon,7019,1947-06-01,1947-06-01,,,,
41,Oregon,7081,1988-09-01,1988-09-01,,,,
42,Pennsylvania,0601,1968-09-01,1968-09-01,,,,
42,Pennsylvania,0602,1968-09-01,1968-09-01,,,,
42,Pennsylvania,0603,1968-09-01,1968-09-01,,,,
42,Pennsylvania,0604,1968-09-01,1968-09-01,,,,
42,Pennsylvania,0605,1968-09-01,1968-09-01,,,,
42,Pennsylvania,0606,1968-09-01,1968-09-01,,,,
42,Pennsylvania,0607,1968-09-01,1968-09-01,,,,
42,Pennsylvania,0608,1968-09-01,1968-09-01,,,,
42,Pennsylvania,0659,1968-09-01,1968-09-01,,,,
42,Pennsylvania,0660,1968-09-01,1968-09-01,,,,
42,Pennsylvania,0661,1968-09-01,1968-09-01,,,,
42,Pennsylvania,0662,1968-09-01,1968-09-01,,,,
42,Pennsylvania,1597,1980-09-01,1980-09-01,,,,
42,Pennsylvania,1598,1975-01-01,1975-01-01,,,,
42,Pennsylvania,1599,1987-08-01,1987-08-01,,,,
42,Pennsylvania,1605,1971-09-01,1971-09-01,,,,
42,Pennsylvania,1606,1977-09-01,1977-11-01,,,,
42,Pennsylvania,1608,1958-08-01,1958-08-01,1988.0,1.0,1.0,
42,Pennsylvania,1610,1958-08-01,1958-09-01,,,,
42,Pennsylvania,1613,1967-06-01,1967-06-01,,,,
42,Pennsylvania,1614,1956-06-01,1956-06-01,,,,
42,Pennsylvania,1617,1972-06-01,1972-06-01,,,,
42,Pennsylvania,1618,1964-06-01,1964-06-01,,,,
42,Pennsylvania,1623,1983-06-01,1983-06-01,,,,
42,Pennsylvania,1627,1967-05-01,1967-09-01,,,,
42,Pennsylvania,1690,1973-01-01,1973-01-01,,,,
42,Pennsylvania,1691,1951-06-01,1951-06-01,,,,
42,Pennsylvania,3044,1985-09-01,1985-12-01,,,,
42,Pennsylvania,5020,1978-03-01,1979-05-01,,,,
42,Pennsylvania,7025,1965-08-01,1965-09-01,,,,
42,Pennsylvania,7037,1968-07-01,1968-07-01,,,,
42,Pennsylvania,9027,1957-11-01,1958-01-01,,,,
42,Pennsylvania,A310,1971-09-01,1971-09-01,,,,
42,Pennsylvania,A320,1971-09-01,1971-09-01,,,,
42,Pennsylvania,A330,1971-09-01,1971-09-01,,,,
42,Pennsylvania,A340,1971-09-01,1971-09-01,,,,
42,Pennsylvania,A350,1971-09-01,1971-09-01,,,,
42,Pennsylvania,A351,1971-09-01,1971-09-01,,,,
42,Pennsylvania,A410,1973-01-01,1973-01-01,,,,
42,Pennsylvania,A411,1973-01-01,1973-01-01,,,,
42,Pennsylvania,A430,1973-01-01,1973-01-01,,,,
42,Pennsylvania,B310,1980-09-01,1980-09-01,,,,
42,Pennsylvania,B330,1980-09-01,1980-09-01,,,,
42,Pennsylvania,B340,1980-09-01,1980-09-01,,,,
42,Pennsylvania,B350,1980-09-01,1980-09-01,,,,
42,Pennsylvania,B351,1980-09-01,1980-09-01,,,,
42,Pennsylvania,C410,1977-09-01,1977-11-01,,,,
42,Pennsylvania,C411,1977-09-01,1977-11-01,,,,
42,Pennsylvania,C430,1977-09-01,1977-11-01,,,,
45,South Carolina,1008,1970-05-01,1970-05-01,,,,
45,South Carolina,1011,1985-06-01,1986-07-01,,,,
45,South Carolina,1024,1985-08-01,1985-08-01,,,,
45,South Carolina,1025,1980-02-01,1980-02-01,,,,
45,South Carolina,3012,1981-11-01,1982-04-01,,,,
45,South Carolina,5017,1979-02-01,1979-03-01,,,,
45,South Carolina,5034,1975-05-01,1975-06-01,,,,
45,South Carolina,5035,1975-10-01,1975-11-01,,,,
46,South Dakota,0601,1973-04-01,1973-10-01,,,,
46,South Dakota,0602,1973-04-01,1973-10-01,,,,
46,South Dakota,0603,1973-04-01,1973-10-01,,,,
46,South Dakota,0604,1973-04-01,1973-10-01,,,,
46,South Dakota,0605,1973-04-01,1973-10-01,,,,
46,South Dakota,0606,1973-04-01,1973-10-01,,,,
46,South Dakota,0607,1973-04-01,1973-10-01,,,,
46,South Dakota,0608,1973-04-01,1973-10-01,,,,
46,South Dakota,0660,1973-04-01,1973-10-01,,,,
46,South Dakota,0661,1973-04-01,1973-10-01,,,,
46,South Dakota,0662,1973-04-01,1973-10-01,,,,
46,South Dakota,0803,1993-06-01,1993-06-01,,1.0,,
46,South Dakota,0804,1993-06-01,1993-06-01,,1.0,,
46,South Dakota,0859,1993-06-01,1993-06-01,,1.0,,
46,South Dakota,3009,1975-10-01,1975-10-01,,,,
46,South Dakota,3010,1983-09-01,1983-09-01,,,,
46,South Dakota,3012,1981-09-01,1981-09-01,,,,
46,South Dakota,3013,1976-10-01,1976-10-01,,,,
46,South Dakota,3052,1988-07-01,1988-07-01,,,,
46,South Dakota,3053,1985-10-01,1985-10-01,,,,
46,South Dakota,5020,1972-08-01,1972-08-01,,,,
46,South Dakota,5025,1974-11-01,1974-11-01,,,,
46,South Dakota,5040,1963-07-01,1963-07-01,,,,
46,South Dakota,6600,1975-06-01,1975-06-01,,,,
46,South Dakota,7049,1954-12-01,1954-12-01,,,,
46,South Dakota,9106,1959-08-01,1959-09-01,,,,
46,South Dakota,9187,1989-05-01,1989-05-01,,,,
46,South Dakota,9197,1964-09-01,1964-10-01,,,,
46,South Dakota,A410,1975-06-01,1975-06-01,,,,
46,South Dakota,A411,1975-06-01,1975-06-01,,,,
46,South Dakota,A412,1975-06-01,1975-06-01,,,,
46,South Dakota,A420,1975-06-01,1975-06-01,,,,
46,South Dakota,A421,1975-06-01,1975-06-01,,,,
46,South Dakota,A422,1975-06-01,1975-06-01,,,,
46,South Dakota,A423,1975-06-01,1975-06-01,,,,
46,South Dakota,A430,1975-06-01,1975-06-01,,,,
47,Tennessee,1023,1972-06-01,1972-06-01,,,,
47,Tennessee,1028,1983-09-01,1983-09-01,,,,
47,Tennessee,1029,1982-10-01,1982-10-01,,,,
47,Tennessee,2001,1979-07-01,1979-07-01,,,,
47,Tennessee,2008,1973-06-01,1973-06-01,,,,
47,Tennessee,3075,1971-06-01,1971-06-01,,,,
47,Tennessee,3101,1980-01-01,1980-01-01,,,,
47,Tennessee,3104,1986-06-01,1986-06-01,,,,
47,Tennessee,3108,1972-07-01,1972-07-01,,,,
47,Tennessee,3109,1978-11-01,1978-11-01,,,,
47,Tennessee,3110,1981-08-01,1981-08-01,,,,
47,Tennessee,6015,1974-06-01,1974-06-01,,,,
47,Tennessee,6022,1970-06-01,1970-07-01,,,,
47,Tennessee,9024,1977-06-01,1977-06-01,,,,
47,Tennessee,9025,1980-01-01,1980-01-01,,,,
47,Tennessee,A310,1980-01-01,1980-01-01,,,,
47,Tennessee,A320,1980-01-01,1980-01-01,,,,
47,Tennessee,A330,1980-01-01,1980-01-01,,,,
47,Tennessee,A350,1980-01-01,1980-01-01,,,,
47,Tennessee,B310,1971-06-01,1971-06-01,,,,
47,Tennessee,B320,1971-06-01,1971-06-01,,,,
47,Tennessee,B330,1971-06-01,1971-06-01,,,,
47,Tennessee,B350,1971-06-01,1971-06-01,,,,
47,Tennessee,C310,1972-06-01,1972-06-01,,,,
47,Tennessee,C311,1972-06-01,1972-06-01,,,,
47,Tennessee,C320,1972-06-01,1972-06-01,,,,
47,Tennessee,C330,1972-06-01,1972-06-01,,,,
47,Tennessee,C350,1972-06-01,1972-06-01,,,,
48,Texas,0001,1989-03-01,1989-04-01,,,,
48,Texas,1039,1982-06-01,1982-06-01,,,,
48,Texas,1046,1955-09-01,1956-07-01,,,,
48,Texas,1047,1970-09-01,1971-07-01,,,,
48,Texas,1048,1974-11-01,1974-11-01,,,,
48,Texas,1049,1984-06-01,1984-06-01,,,,
48,Texas,1050,1985-07-01,1985-07-01,,,,
48,Texas,1056,1969-06-01,1970-06-01,,,,
48,Texas,1060,1986-03-01,1986-03-01,,,,
48,Texas,1065,1969-12-01,1970-05-01,,,,
48,Texas,1068,1987-03-01,1987-03-01,,,,
48,Texas,1069,1977-06-01,1977-06-01,,,,
48,Texas,1070,1977-07-01,1977-07-01,,,,
48,Texas,1076,1977-11-01,1977-11-01,,,,
48,Texas,1077,1982-01-01,1982-01-01,,,,
48,Texas,1087,1973-12-01,1973-12-01,,,,
48,Texas,1092,1983-09-01,1983-09-01,,,,
48,Texas,1093,1980-04-01,1980-06-01,,,,
48,Texas,1094,1976-08-01,1976-08-01,,,,
48,Texas,1096,1981-04-01,1981-04-01,,,,
48,Texas,1111,1972-09-01,1972-09-01,,,,
48,Texas,1113,1986-01-01,1986-01-01,,,,
48,Texas,1116,1987-07-01,1987-07-01,,,,
48,Texas,1119,1975-05-01,1975-05-01,,,,
48,Texas,1122,1974-02-01,1974-02-01,,,,
48,Texas,1123,1976-01-01,1976-01-01,,,,
48,Texas,1130,1971-10-01,1972-08-01,,,,
48,Texas,1168,1985-09-01,1985-09-01,,,,
48,Texas,1169,1972-08-01,1972-08-01,,,,
48,Texas,1174,1975-05-01,1975-05-01,,,,
48,Texas,1178,1988-07-01,1988-07-01,,,,
48,Texas,1181,1980-02-01,1980-05-01,,,,
48,Texas,1183,1975-02-01,1975-02-01,,,,
48,Texas,2108,1985-08-01,1985-08-01,,,,
48,Texas,2133,1985-10-01,1985-10-01,,,,
48,Texas,2172,1982-08-01,1982-08-01,,,,
48,Texas,2176,1970-07-01,1970-07-01,,,,
48,Texas,3003,1975-08-01,1975-12-01,,,,
48,Texas,3010,1984-09-01,1984-10-01,,,,
48,Texas,3559,1970-06-01,1970-06-01,,,,
48,Texas,3569,1960-06-01,1960-06-01,,,,
48,Texas,3579,1987-11-01,1987-11-01,,,,
48,Texas,3589,1960-09-01,1961-09-01,,,,
48,Texas,3609,1974-06-01,1974-06-01,,,,
48,Texas,3629,1966-02-01,1966-02-01,,,,
48,Texas,3669,1983-05-01,1983-05-01,1983.0,1.0,2.0,1.0
48,Texas,3679,1988-06-01,1988-06-01,,,,
48,Texas,3689,1987-04-01,1987-04-01,1987.0,1.0,2.0,2.0
48,Texas,3699,1973-04-01,1973-04-01,,,,
48,Texas,3719,1964-09-01,1965-01-01,,,,
48,Texas,3729,1983-06-01,1983-06-01,,,,
48,Texas,3739,1982-05-01,1982-05-01,,,,
48,Texas,3749,1981-03-01,1981-03-01,,,,
48,Texas,3769,1976-06-01,1976-06-01,,,,
48,Texas,3779,1978-06-01,1978-06-01,,,,
48,Texas,3835,1991-10-01,1991-10-01,,,,
48,Texas,3855,1979-10-01,1979-10-01,,,,
48,Texas,3865,1969-07-01,1969-07-01,,,,
48,Texas,3875,1985-11-01,1985-11-01,,,,
48,Texas,4142,1976-09-01,1977-05-01,,,,
48,Texas,4143,1970-10-01,1970-12-01,,,,
48,Texas,4146,1981-08-01,1981-10-01,,,,
48,Texas,4152,1981-12-01,1981-12-01,,,,
48,Texas,5024,1981-07-01,1982-01-01,,,,
48,Texas,5026,1985-11-01,1988-06-01,,,,
48,Texas,5035,1979-09-01,1979-09-01,,,,
48,Texas,5154,1971-07-01,1971-08-01,,,,
48,Texas,5274,1973-03-01,1973-03-01,,,,
48,Texas,5278,1975-06-01,1975-06-01,,,,
48,Texas,5283,1987-11-01,1988-04-01,,,,
48,Texas,5284,1987-10-01,1988-03-01,,,,
48,Texas,5287,1973-08-01,1973-08-01,,,,
48,Texas,5301,1982-02-01,1982-02-01,,,,
48,Texas,5310,1987-07-01,1987-07-01,,,,
48,Texas,5317,1982-04-01,1982-04-01,,,,
48,Texas,5323,1980-09-01,1980-10-01,,,,
48,Texas,5328,1975-09-01,1975-09-01,,,,
48,Texas,5334,1970-04-01,1970-04-01,,,,
48,Texas,5335,1980-09-01,1980-10-01,,,,
48,Texas,5336,1986-12-01,1986-12-01,,,,
48,Texas,6079,1972-08-01,1973-05-01,,,,
48,Texas,6086,1971-06-01,1971-06-01,,,,
48,Texas,6160,1962-09-01,1962-09-01,,,,
48,Texas,6179,1965-06-01,1965-06-01,,,,
48,Texas,7165,1962-06-01,1962-06-01,1974.0,3.0,4.0,1.0
48,Texas,9005,1986-07-01,1986-09-01,,,,
48,Texas,9167,1967-07-01,1968-04-01,,,,
48,Texas,9355,1960-11-01,1960-12-01,,,,
48,Texas,A310,1976-08-01,1976-08-01,,,,
48,Texas,A320,1976-08-01,1976-08-01,,,,
48,Texas,A330,1976-08-01,1976-08-01,,,,
48,Texas,A340,1976-08-01,1976-08-01,,,,
48,Texas,A410,1975-08-01,1975-12-01,,,,
48,Texas,A420,1975-08-01,1975-12-01,,,,
48,Texas,A430,1975-08-01,1975-12-01,,,,
48,Texas,A502,1977-06-01,1977-06-01,,,,
48,Texas,A503,1977-06-01,1977-06-01,,,,
48,Texas,A504,1977-06-01,1977-06-01,,,,
48,Texas,A505,1977-06-01,1977-06-01,,,,
48,Texas,A506,1977-06-01,1977-06-01,,,,
48,Texas,A507,1977-06-01,1977-06-01,,,,
48,Texas,A508,1977-06-01,1977-06-01,,,,
48,Texas,A509,1977-06-01,1977-06-01,,,,
48,Texas,B310,1977-06-01,1977-06-01,,,,
48,Texas,B320,1977-06-01,1977-06-01,,,,
48,Texas,B330,1977-06-01,1977-06-01,,,,
48,Texas,B340,1977-06-01,1977-06-01,,,,
48,Texas,B350,1977-06-01,1977-06-01,,,,
48,Texas,B410,1970-10-01,1970-12-01,,,,
48,Texas,B420,1970-10-01,1970-12-01,,,,
48,Texas,B430,1970-10-01,1970-12-01,,,,
48,Texas,C410,1960-09-01,1961-09-01,,,,
48,Texas,C420,1960-09-01,1961-09-01,,,,
48,Texas,C430,1960-09-01,1961-09-01,,,,
48,Texas,D310,1982-08-01,1982-08-01,,,,
48,Texas,D320,1982-08-01,1982-08-01,,,,
48,Texas,D330,1982-08-01,1982-08-01,,,,
48,Texas,D350,1982-08-01,1982-08-01,,,,
48,Texas,D410,1981-12-01,1981-12-01,,,,
48,Texas,D420,1981-12-01,1981-12-01,,,,
48,Texas,D430,1981-12-01,1981-12-01,,,,
48,Texas,E310,1975-02-01,1975-02-01,,,,
48,Texas,E320,1975-02-01,1975-02-01,,,,
48,Texas,E330,1975-02-01,1975-02-01,,,,
48,Texas,E340,1975-02-01,1975-02-01,,,,
48,Texas,E350,1975-02-01,1975-02-01,,,,
48,Texas,E351,1975-02-01,1975-02-01,,,,
48,Texas,E352,1975-02-01,1975-02-01,,,,
48,Texas,E410,1976-09-01,1977-05-01,,,,
48,Texas,E420,1976-09-01,1977-05-01,,,,
48,Texas,E430,1976-09-01,1977-05-01,,,,
48,Texas,F310,1987-11-01,1987-11-01,,,,
48,Texas,F320,1987-11-01,1987-11-01,,,,
48,Texas,F330,1987-11-01,1987-11-01,,,,
48,Texas,F340,1987-11-01,1987-11-01,,,,
48,Texas,F350,1987-11-01,1987-11-01,,,,
48,Texas,G310,1972-08-01,1972-08-01,,,,
48,Texas,G320,1972-08-01,1972-08-01,,,,
48,Texas,G330,1972-08-01,1972-08-01,,,,
48,Texas,G350,1972-08-01,1972-08-01,,,,
48,Texas,H310,1985-07-01,1985-07-01,,,,
48,Texas,H320,1985-07-01,1985-07-01,,,,
48,Texas,H330,1985-07-01,1985-07-01,,,,
48,Texas,H340,1985-07-01,1985-07-01,,,,
48,Texas,H350,1985-07-01,1985-07-01,,,,
48,Texas,H351,1985-07-01,1985-07-01,,,,
48,Texas,I310,1970-06-01,1970-06-01,,,,
48,Texas,I320,1970-06-01,1970-06-01,,,,
48,Texas,I330,1970-06-01,1970-06-01,,,,
48,Texas,I340,1970-06-01,1970-06-01,,,,
48,Texas,I350,1970-06-01,1970-06-01,,,,
48,Texas,J310,1974-02-01,1974-02-01,,,,
48,Texas,J320,1974-02-01,1974-02-01,,,,
48,Texas,J330,1974-02-01,1974-02-01,,,,
48,Texas,J340,1974-02-01,1974-02-01,,,,
48,Texas,J350,1974-02-01,1974-02-01,,,,
48,Texas,J351,1974-02-01,1974-02-01,,,,
48,Texas,K310,1986-07-01,1986-09-01,,,,
48,Texas,K320,1986-07-01,1986-09-01,,,,
48,Texas,K330,1986-07-01,1986-09-01,,,,
48,Texas,K340,1986-07-01,1986-09-01,,,,
48,Texas,K350,1986-07-01,1986-09-01,,,,
48,Texas,K351,1986-07-01,1986-09-01,,,,
48,Texas,L310,1976-06-01,1976-06-01,,,,
48,Texas,L320,1976-06-01,1976-06-01,,,,
48,Texas,L330,1976-06-01,1976-06-01,,,,
48,Texas,L340,1976-06-01,1976-06-01,,,,
48,Texas,L350,1976-06-01,1976-06-01,,,,
48,Texas,M310,1981-03-01,1981-03-01,,,,
48,Texas,M320,1981-03-01,1981-03-01,,,,
48,Texas,M330,1981-03-01,1981-03-01,,,,
48,Texas,M340,1981-03-01,1981-03-01,,,,
48,Texas,M350,1981-03-01,1981-03-01,,,,
48,Texas,N310,1982-05-01,1982-05-01,,,,
48,Texas,N320,1982-05-01,1982-05-01,,,,
48,Texas,N330,1982-05-01,1982-05-01,,,,
48,Texas,N340,1982-05-01,1982-05-01,,,,
48,Texas,N350,1982-05-01,1982-05-01,,,,
48,Texas,Q310,1969-07-01,1969-07-01,,,,
48,Texas,Q320,1969-07-01,1969-07-01,,,,
48,Texas,Q330,1969-07-01,1969-07-01,,,,
48,Texas,Q340,1969-07-01,1969-07-01,,,,
48,Texas,Q350,1969-07-01,1969-07-01,,,,
48,Texas,Q353,1969-07-01,1969-07-01,,,,
49,Utah,0803,1997-10-01,1997-10-01,,1.0,,
49,Utah,0804,1997-10-01,1997-10-01,,1.0,,
49,Utah,1001,1980-11-01,1980-11-01,,,,
49,Utah,1004,1971-08-01,1971-08-01,,,,
49,Utah,1005,1970-06-01,1970-06-01,,,,
49,Utah,1006,1971-10-01,1971-10-01,,,,
49,Utah,1007,1979-08-01,1979-08-01,,,,
49,Utah,1008,1976-08-01,1976-08-01,,,,
49,Utah,1017,1966-08-01,1966-09-01,,,,
49,Utah,3010,1978-08-01,1978-10-01,,,,
49,Utah,3011,1986-05-01,1986-05-01,,,,
49,Utah,3015,1985-08-01,1985-09-01,,,,
49,Utah,7082,1990-11-01,1990-11-01,,,,
49,Utah,7083,1989-07-01,1989-09-01,,,,
49,Utah,7085,1991-10-01,1991-10-01,,,,
49,Utah,7086,1991-10-01,1991-11-01,,,,
49,Utah,A310,1971-08-01,1971-08-01,,,,
49,Utah,A320,1971-08-01,1971-08-01,,,,
49,Utah,A330,1971-08-01,1971-08-01,,,,
49,Utah,A332,1971-08-01,1971-08-01,,,,
49,Utah,A350,1971-08-01,1971-08-01,,,,
49,Utah,A351,1971-08-01,1971-08-01,,,,
49,Utah,A352,1971-08-01,1971-08-01,,,,
49,Utah,A361,1971-08-01,1971-08-01,,,,
49,Utah,A390,1971-08-01,1971-08-01,,,,
49,Utah,B310,1966-08-01,1966-09-01,,,,
49,Utah,B320,1966-08-01,1966-09-01,,,,
49,Utah,B330,1966-08-01,1966-09-01,,,,
49,Utah,B331,1966-08-01,1966-09-01,,,,
49,Utah,B350,1966-08-01,1966-09-01,,,,
49,Utah,B351,1966-08-01,1966-09-01,,,,
49,Utah,B352,1966-08-01,1966-09-01,,,,
49,Utah,B361,1966-08-01,1966-09-01,,,,
49,Utah,B390,1966-08-01,1966-09-01,,,,
49,Utah,C310,1971-10-01,1971-10-01,,,,
49,Utah,C320,1971-10-01,1971-10-01,,,,
49,Utah,C330,1971-10-01,1971-10-01,,,,
49,Utah,C331,1971-10-01,1971-10-01,,,,
49,Utah,C350,1971-10-01,1971-10-01,,,,
49,Utah,C351,1971-10-01,1971-10-01,,,,
49,Utah,C352,1971-10-01,1971-10-01,,,,
49,Utah,C361,1971-10-01,1971-10-01,,,,
49,Utah,C410,1990-11-01,1990-11-01,,,,
49,Utah,C430,1990-11-01,1990-11-01,,,,
49,Utah,C431,1990-11-01,1990-11-01,,,,
49,Utah,C440,1990-11-01,1990-11-01,,,,
49,Utah,C441,1990-11-01,1990-11-01,,,,
49,Utah,C443,1990-11-01,1990-11-01,,,,
49,Utah,C444,1990-11-01,1990-11-01,,,,
49,Utah,C445,1990-11-01,1990-11-01,,,,
49,Utah,C446,1990-11-01,1990-11-01,,,,
49,Utah,C447,1990-11-01,1990-11-01,,,,
49,Utah,C448,1990-11-01,1990-11-01,,,,
49,Utah,C449,1990-11-01,1990-11-01,,,,
49,Utah,C450,1990-11-01,1990-11-01,,,,
49,Utah,C451,1990-11-01,1990-11-01,,,,
49,Utah,C452,1990-11-01,1990-11-01,,,,
49,Utah,C453,1990-11-01,1990-11-01,,,,
49,Utah,C454,1990-11-01,1990-11-01,,,,
49,Utah,C455,1990-11-01,1990-11-01,,,,
49,Utah,C456,1990-11-01,1990-11-01,,,,
49,Utah,C457,1990-11-01,1990-11-01,,,,
49,Utah,C458,1990-11-01,1990-11-01,,,,
49,Utah,D410,1991-10-01,1991-11-01,,,,
49,Utah,D430,1991-10-01,1991-11-01,,,,
49,Utah,D431,1991-10-01,1991-11-01,,,,
49,Utah,D440,1991-10-01,1991-11-01,,,,
49,Utah,D441,1991-10-01,1991-11-01,,,,
49,Utah,D443,1991-10-01,1991-11-01,,,,
49,Utah,D444,1991-10-01,1991-11-01,,,,
49,Utah,D445,1991-10-01,1991-11-01,,,,
49,Utah,D446,1991-10-01,1991-11-01,,,,
49,Utah,D448,1991-10-01,1991-11-01,,,,
49,Utah,D449,1991-10-01,1991-11-01,,,,
49,Utah,D450,1991-10-01,1991-11-01,,,,
49,Utah,D451,1991-10-01,1991-11-01,,,,
49,Utah,D452,1991-10-01,1991-11-01,,,,
49,Utah,D454,1991-10-01,1991-11-01,,,,
49,Utah,D455,1991-10-01,1991-11-01,,,,
49,Utah,D459,1991-10-01,1991-11-01,,,,
49,Utah,D460,1991-10-01,1991-11-01,,,,
49,Utah,D461,1991-10-01,1991-11-01,,,,
49,Utah,D462,1991-10-01,1991-11-01,,,,
49,Utah,E410,1991-10-01,1991-10-01,,,,
49,Utah,E430,1991-10-01,1991-10-01,,,,
49,Utah,E431,1991-10-01,1991-10-01,,,,
49,Utah,E440,1991-10-01,1991-10-01,,,,
49,Utah,E441,1991-10-01,1991-10-01,,,,
49,Utah,E443,1991-10-01,1991-10-01,,,,
49,Utah,E444,1991-10-01,1991-10-01,,,,
49,Utah,E445,1991-10-01,1991-10-01,,,,
49,Utah,E446,1991-10-01,1991-10-01,,,,
49,Utah,E448,1991-10-01,1991-10-01,,,,
49,Utah,E449,1991-10-01,1991-10-01,,,,
49,Utah,E450,1991-10-01,1991-10-01,,,,
49,Utah,E451,1991-10-01,1991-10-01,,,,
49,Utah,E452,1991-10-01,1991-10-01,,,,
49,Utah,E454,1991-10-01,1991-10-01,,,,
49,Utah,E455,1991-10-01,1991-10-01,,,,
49,Utah,E456,1991-10-01,1991-10-01,,,,
49,Utah,E458,1991-10-01,1991-10-01,,,,
49,Utah,E459,1991-10-01,1991-10-01,,,,
49,Utah,E460,1991-10-01,1991-10-01,,,,
49,Utah,E461,1991-10-01,1991-10-01,,,,
49,Utah,E462,1991-10-01,1991-10-01,,,,
50,Vermont,1002,1984-08-01,1984-11-01,,,,
50,Vermont,1004,1984-09-01,1984-11-01,,,,
50,Vermont,1681,1963-09-01,1963-11-01,,,,
50,Vermont,1682,1963-09-01,1963-11-01,,,,
50,Vermont,1683,1963-09-01,1963-11-01,,,,
51,Virginia,0113,1995-11-01,1996-07-01,,1.0,,
51,Virginia,0114,1995-11-01,1996-07-01,,1.0,,
51,Virginia,0115,1995-11-01,1996-07-01,,1.0,,
51,Virginia,0116,1995-11-01,1996-07-01,,1.0,,
51,Virginia,0117,1995-11-01,1996-07-01,,1.0,,
51,Virginia,0118,1995-11-01,1996-07-01,,1.0,,
51,Virginia,0119,1995-11-01,1996-07-01,,1.0,,
51,Virginia,0120,1995-11-01,1996-07-01,,1.0,,
51,Virginia,0121,1995-11-01,1996-07-01,,1.0,,
51,Virginia,0122,1995-11-01,1996-07-01,,1.0,,
51,Virginia,0123,1995-11-01,1996-07-01,,1.0,,
51,Virginia,0124,1995-11-01,1996-07-01,,1.0,,
51,Virginia,0159,1995-11-01,1996-07-01,,1.0,,
51,Virginia,1002,1979-10-01,1979-10-01,,,,
51,Virginia,1023,1980-12-01,1980-12-01,,,,
51,Virginia,1417,1981-02-01,1981-02-01,,,,
51,Virginia,1419,1979-08-01,1979-08-01,,,,
51,Virginia,1423,1978-11-01,1978-11-01,,,,
51,Virginia,1464,1979-05-01,1979-05-01,,,,
51,Virginia,2004,1981-12-01,1981-12-01,,,,
51,Virginia,2021,1985-05-01,1985-05-01,,,,
51,Virginia,2564,1969-02-01,1969-02-01,,,,
51,Virginia,5008,1977-08-01,1977-08-01,,,,
51,Virginia,5009,1979-08-01,1980-06-01,,,,
51,Virginia,5010,1988-05-01,1988-10-01,,,,
51,Virginia,A310,1980-12-01,1980-12-01,,,,
51,Virginia,A320,1980-12-01,1980-12-01,,,,
51,Virginia,A321,1980-12-01,1980-12-01,,,,
51,Virginia,A330,1980-12-01,1980-12-01,,,,
51,Virginia,A340,1980-12-01,1980-12-01,,,,
51,Virginia,A350,1980-12-01,1980-12-01,,,,
53,Washington,0201,1995-11-01,1995-11-01,,2.0,,
53,Washington,0202,1995-11-01,1995-11-01,,2.0,,
53,Washington,0203,1995-11-01,1995-11-01,,2.0,,
53,Washington,0204,1995-11-01,1995-11-01,,2.0,,
53,Washington,0205,1995-11-01,1995-11-01,,2.0,,
53,Washington,0206,1995-11-01,1995-11-01,,2.0,,
53,Washington,0207,1995-11-01,1995-11-01,,2.0,,
53,Washington,0208,1995-11-01,1995-11-01,,2.0,,
53,Washington,0209,1995-11-01,1995-11-01,,2.0,,
53,Washington,0210,1995-11-01,1995-11-01,,2.0,,
53,Washington,0211,1995-11-01,1995-11-01,,2.0,,
53,Washington,0212,1995-11-01,1995-11-01,,2.0,,
53,Washington,0259,1995-11-01,1995-11-01,,2.0,,
53,Washington,0801,1995-10-01,1995-11-01,,1.0,,
53,Washington,0802,1995-10-01,1995-11-01,,1.0,,
53,Washington,1002,1984-06-01,1984-06-01,,,,
53,Washington,1005,1973-07-01,1973-08-01,,,,
53,Washington,1006,1983-10-01,1983-10-01,,,,
53,Washington,1007,1983-09-01,1983-10-01,,,,
53,Washington,1008,1978-11-01,1978-11-01,,,,
53,Washington,1501,1982-07-01,1982-07-01,,,,
53,Washington,1801,1973-09-01,1973-10-01,,,,
53,Washington,3011,1977-05-01,1977-06-01,,,,
53,Washington,3013,1970-10-01,1971-02-01,,,,
53,Washington,3014,1986-04-01,1987-04-01,,,,
53,Washington,3019,1986-04-01,1986-08-01,,,,
53,Washington,3812,1964-12-01,1965-03-01,,,,
53,Washington,3813,1966-08-01,1966-09-01,,,,
53,Washington,6020,1964-05-01,1964-06-01,,,,
53,Washington,6048,1965-10-01,1965-10-01,,,,
53,Washington,6049,1965-04-01,1965-05-01,,,,
53,Washington,6056,1969-08-01,1969-08-01,,,,
53,Washington,7322,1973-09-01,1973-09-01,,,,
53,Washington,7409,1981-05-01,1981-05-01,,,,
53,Washington,A310,1978-11-01,1978-11-01,,,,
53,Washington,A320,1978-11-01,1978-11-01,,,,
53,Washington,A330,1978-11-01,1978-11-01,,,,
53,Washington,A350,1978-11-01,1978-11-01,,,,
53,Washington,A809,2000-06-01,2000-06-01,,1.0,,
53,Washington,A810,2000-06-01,2000-06-01,,1.0,,
53,Washington,B310,1982-07-01,1982-07-01,,,,
53,Washington,B320,1982-07-01,1982-07-01,,,,
53,Washington,B330,1982-07-01,1982-07-01,,,,
53,Washington,B350,1982-07-01,1982-07-01,,,,
53,Washington,C310,1973-09-01,1973-10-01,,,,
53,Washington,C320,1973-09-01,1973-10-01,,,,
53,Washington,C330,1973-09-01,1973-10-01,,,,
53,Washington,C350,1973-09-01,1973-10-01,,,,
54,West Virginia,1640,1983-06-01,1983-06-01,,,,
54,West Virginia,4003,1982-10-01,1982-10-01,,,,
54,West Virginia,4004,1981-06-01,1984-06-01,,,,
54,West Virginia,5007,1977-06-01,1977-06-01,,,,
54,West Virginia,7008,1962-06-01,1962-10-01,,,,
55,Wisconsin,0113,1997-10-31,1997-11-01,,2.0,,
55,Wisconsin,0114,1997-10-31,1997-11-01,,2.0,,
55,Wisconsin,0115,1997-10-31,1997-11-01,,2.0,,
55,Wisconsin,0116,1997-10-31,1997-11-01,,2.0,,
55,Wisconsin,0117,1997-10-31,1997-11-01,,2.0,,
55,Wisconsin,0118,1997-10-31,1997-11-01,,2.0,,
55,Wisconsin,0119,1997-10-31,1997-11-01,,2.0,,
55,Wisconsin,0120,1997-10-31,1997-11-01,,2.0,,
55,Wisconsin,0121,1997-10-31,1997-11-01,,2.0,,
55,Wisconsin,0122,1997-10-31,1997-11-01,,2.0,,
55,Wisconsin,0123,1997-10-31,1997-11-01,,2.0,,
55,Wisconsin,0124,1997-10-31,1997-11-01,,2.0,,
55,Wisconsin,0213,1997-10-31,1997-11-01,,2.0,,
55,Wisconsin,0214,1997-10-31,1997-11-01,,2.0,,
55,Wisconsin,0215,1997-10-31,1997-11-01,,2.0,,
55,Wisconsin,0216,1997-10-31,1997-11-01,,2.0,,
55,Wisconsin,0217,1997-10-31,1997-11-01,,2.0,,
55,Wisconsin,0218,1997-10-31,1997-11-01,,2.0,,
55,Wisconsin,0219,1997-10-31,1997-11-01,,2.0,,
55,Wisconsin,0220,1997-10-31,1997-11-01,,2.0,,
55,Wisconsin,0221,1997-10-31,1997-11-01,,2.0,,
55,Wisconsin,0222,1997-10-31,1997-11-01,,2.0,,
55,Wisconsin,0223,1997-10-31,1997-11-01,,2.0,,
55,Wisconsin,0224,1997-10-31,1997-11-01,,2.0,,
55,Wisconsin,0259,1997-10-31,1997-11-01,,2.0,,
55,Wisconsin,0260,1997-10-31,1997-11-01,,2.0,,
55,Wisconsin,0261,1997-10-31,1997-11-01,,2.0,,
55,Wisconsin,0262,1997-10-31,1997-11-01,,2.0,,
55,Wisconsin,0263,1997-10-31,1997-11-01,,2.0,,
55,Wisconsin,0264,1997-10-31,1997-11-01,,2.0,,
55,Wisconsin,0265,1997-10-31,1997-11-01,,2.0,,
55,Wisconsin,0266,1997-10-31,1997-11-01,,2.0,,
55,Wisconsin,0805,1997-11-30,1997-12-01,,1.0,,
55,Wisconsin,0806,1997-11-30,1997-12-01,,1.0,,
55,Wisconsin,0901,1968-07-01,1968-10-01,,,,
55,Wisconsin,0902,1968-07-01,1968-10-01,,,,
55,Wisconsin,0903,1968-07-01,1968-10-01,,,,
55,Wisconsin,0907,1968-07-01,1968-10-01,,,,
55,Wisconsin,0908,1968-07-01,1968-10-01,,,,
55,Wisconsin,0909,1968-07-01,1968-10-01,,,,
55,Wisconsin,3008,1975-12-01,1975-12-01,,,,
55,Wisconsin,3009,1984-10-01,1984-10-01,,,,
55,Wisconsin,3010,1978-10-01,1978-10-01,,,,
55,Wisconsin,3012,1977-10-01,1977-11-01,,,,
55,Wisconsin,3014,1976-10-01,1976-10-01,,,,
55,Wisconsin,3015,1984-09-01,1984-10-01,,,,
55,Wisconsin,3016,1986-06-01,1986-09-01,,,,
55,Wisconsin,3019,1976-05-01,1976-10-01,,,,
55,Wisconsin,5037,1973-09-01,1973-11-01,,,,
55,Wisconsin,5040,1980-11-01,1980-11-01,,,,
55,Wisconsin,6351,1988-09-01,1988-10-01,,,,
55,Wisconsin,6352,1988-09-01,1988-10-01,,,,
55,Wisconsin,6353,1988-09-01,1988-10-01,,,,
55,Wisconsin,6354,1988-09-01,1988-10-01,,,,
55,Wisconsin,6355,1988-09-01,1988-10-01,,,,
55,Wisconsin,A901,1969-08-01,1969-10-01,,,,
55,Wisconsin,A902,1969-08-01,1969-10-01,,,,
55,Wisconsin,A903,1969-08-01,1969-10-01,,,,
55,Wisconsin,A907,1969-08-01,1969-10-01,,,,
55,Wisconsin,A908,1969-08-01,1969-10-01,,,,
55,Wisconsin,A909,1969-08-01,1969-10-01,,,,
55,Wisconsin,B901,1969-08-01,1969-10-01,,,,
55,Wisconsin,B902,1969-08-01,1969-10-01,,,,
55,Wisconsin,B903,1969-08-01,1969-10-01,,,,
55,Wisconsin,B907,1969-08-01,1969-10-01,,,,
55,Wisconsin,B908,1969-08-01,1969-10-01,,,,
55,Wisconsin,B909,1969-08-01,1969-10-01,,,,
55,Wisconsin,C901,1997-10-01,1997-11-01,,2.0,,
55,Wisconsin,C902,1997-10-01,1997-11-01,,2.0,,
55,Wisconsin,C903,1997-10-01,1997-11-01,,2.0,,
55,Wisconsin,C959,1997-10-01,1997-11-01,,2.0,,
55,Wisconsin,C960,1997-10-01,1997-11-01,,2.0,,
56,Wyoming,1007,1980-07-01,1980-07-01,,,,
56,Wyoming,2015,1978-03-01,1978-03-01,,,,
56,Wyoming,2017,1982-08-01,1982-08-01,,,,
56,Wyoming,2018,1983-10-01,1983-10-01,,,,
56,Wyoming,2019,1985-07-01,1985-07-01,,,,
56,Wyoming,2020,1985-07-01,1985-07-01,,,,
56,Wyoming,2037,1985-09-01,1985-09-01,,,,
56,Wyoming,3027,1981-06-01,1981-06-01,,,,
56,Wyoming,6029,1976-07-01,1976-07-01,,,,
56,Wyoming,7772,1986-09-01,1986-09-01,,,,
56,Wyoming,7773,1987-01-01,1987-01-01,,,,
56,Wyoming,7775,1986-10-01,1987-09-01,,,,
56,Wyoming,A310,1980-07-01,1980-07-01,,,,
56,Wyoming,A320,1980-07-01,1980-07-01,,,,
56,Wyoming,A330,1980-07-01,1980-07-01,,,,
56,Wyoming,A350,1980-07-01,1980-07-01,,,,
56,Wyoming,A363,1980-07-01,1980-07-01,,,,
56,Wyoming,B310,1986-10-01,1987-09-01,,,,
56,Wyoming,B320,1986-10-01,1987-09-01,,,,
56,Wyoming,B330,1986-10-01,1987-09-01,,,,
56,Wyoming,B350,1986-10-01,1987-09-01,,,,
56,Wyoming,B360,1986-10-01,1987-09-01,,,,
72,Puerto Rico,1003,1986-03-01,1987-06-01,,,,
72,Puerto Rico,3008,1976-05-01,1977-09-01,,,,
72,Puerto Rico,4121,1986-06-01,1986-06-01,,,,
72,Puerto Rico,4122,1975-02-01,1976-07-01,,,,
81,Alberta,0501,1977-06-01,1977-06-01,,,,
81,Alberta,0502,1977-06-01,1977-06-01,,,,
81,Alberta,0503,1977-06-01,1977-06-01,,,,
81,Alberta,0504,1977-06-01,1977-06-01,,,,
81,Alberta,0505,1977-06-01,1977-06-01,,,,
81,Alberta,0506,1977-06-01,1977-06-01,,,,
81,Alberta,0507,1977-06-01,1977-06-01,,,,
81,Alberta,0508,1977-06-01,1977-06-01,,,,
81,Alberta,0509,1977-06-01,1977-06-01,,,,
81,Alberta,1803,1984-07-01,1984-10-01,,,,
81,Alberta,1804,1982-08-01,1982-09-01,,,,
81,Alberta,1805,1980-06-01,1980-06-01,,,,
81,Alberta,2812,1985-06-01,1985-06-01,,,,
81,Alberta,8529,1971-07-01,1971-07-01,,,,
81,Alberta,A901,1995-11-01,1995-11-01,,2.0,,
81,Alberta,A902,1995-11-01,1995-11-01,,2.0,,
81,Alberta,A903,1995-11-01,1995-11-01,,2.0,,
82,British Columbia,1005,1986-06-01,1986-06-01,,,,
82,British Columbia,6006,1959-06-01,1959-06-01,,,,
82,British Columbia,6007,1976-05-01,1976-05-01,,,,
82,British Columbia,9017,1987-10-01,1987-11-01,,,,
83,Manitoba,0501,1971-09-01,1971-09-01,,,,
83,Manitoba,0502,1971-09-01,1971-09-01,,,,
83,Manitoba,0503,1971-09-01,1971-09-01,,,,
83,Manitoba,0504,1971-09-01,1971-09-01,,,,
83,Manitoba,0505,1971-09-01,1971-09-01,,,,
83,Manitoba,0506,1971-09-01,1971-09-01,,,,
83,Manitoba,0507,1971-09-01,1971-09-01,,,,
83,Manitoba,0508,1971-09-01,1971-09-01,,,,
83,Manitoba,0509,1971-09-01,1971-09-01,,,,
83,Manitoba,1801,1984-01-01,1984-01-01,,,,
83,Manitoba,3802,1985-09-01,1985-10-01,,,,
83,Manitoba,6450,1971-09-01,1971-09-01,,,,
83,Manitoba,6451,1971-09-01,1971-09-01,,,,
83,Manitoba,6452,1961-09-01,1961-09-01,,,,
83,Manitoba,6454,1976-10-01,1977-01-01,,,,
83,Manitoba,A310,1984-01-01,1984-01-01,,,,
83,Manitoba,A320,1984-01-01,1984-01-01,,,,
83,Manitoba,A330,1984-01-01,1984-01-01,,,,
83,Manitoba,A331,1984-01-01,1984-01-01,,,,
83,Manitoba,A340,1984-01-01,1984-01-01,,,,
83,Manitoba,A350,1984-01-01,1984-01-01,,,,
83,Manitoba,A351,1984-01-01,1984-01-01,,,,
84,New Brunswick,1684,1978-09-01,1978-09-01,,,,
84,New Brunswick,1802,1980-10-01,1980-10-01,,,,
84,New Brunswick,3803,1980-06-01,1980-06-01,,,,
84,New Brunswick,6804,1966-01-01,1966-01-01,,,,
85,Newfoundland,1801,1984-09-01,1984-09-01,1984.0,1.0,2.0,1.0
85,Newfoundland,1803,1979-01-01,1979-01-01,1980.0,1.0,2.0,1.0
85,Newfoundland,1808,1983-09-01,1983-09-01,,,,
86,Nova Scotia,6802,1972-06-01,1972-06-01,,,,
87,Ontario,0901,1997-06-01,1997-06-01,,1.0,,
87,Ontario,0902,1997-06-01,1997-06-01,,1.0,,
87,Ontario,0903,1997-06-01,1997-06-01,,1.0,,
87,Ontario,0960,1997-06-01,1997-06-01,,1.0,,
87,Ontario,0961,1997-06-01,1997-06-01,,1.0,,
87,Ontario,0962,1997-06-01,1997-06-01,,1.0,,
87,Ontario,1620,1981-06-01,1981-10-01,,,,
87,Ontario,1622,1976-06-01,1976-06-01,,,,
87,Ontario,1680,1984-06-01,1984-10-01,,,,
87,Ontario,1806,1984-06-01,1985-06-01,,,,
87,Ontario,2811,1977-06-01,1977-10-01,,,,
87,Ontario,2812,1981-06-01,1981-10-01,,,,
87,Ontario,A310,1981-06-01,1981-10-01,,,,
87,Ontario,A311,1981-06-01,1981-10-01,,,,
87,Ontario,A320,1981-06-01,1981-10-01,,,,
87,Ontario,A330,1981-06-01,1981-10-01,,,,
87,Ontario,A340,1981-06-01,1981-10-01,,,,
87,Ontario,A350,1981-06-01,1981-10-01,,,,
87,Ontario,B310,1976-06-01,1976-06-01,,,,
87,Ontario,B311,1976-06-01,1976-06-01,,,,
87,Ontario,B320,1976-06-01,1976-06-01,,,,
87,Ontario,B330,1976-06-01,1976-06-01,,,,
87,Ontario,B340,1976-06-01,1976-06-01,,,,
87,Ontario,B360,1976-06-01,1976-06-01,,,,
87,Ontario,B361,1976-06-01,1976-06-01,,,,
87,Ontario,B362,1976-06-01,1976-06-01,,,,
88,Prince Edward Island,1645,1987-07-01,1987-07-01,,,,
88,Prince Edward Island,1646,1980-06-01,1980-06-01,,,,
88,Prince Edward Island,1647,1986-08-01,1986-10-01,,,,
89,Quebec,0901,1996-12-01,1996-12-01,,2.0,,
89,Quebec,0902,1996-12-01,1996-12-01,,2.0,,
89,Quebec,0903,1996-12-01,1996-12-01,,2.0,,
89,Quebec,1021,1981-06-01,1983-06-01,,,,
89,Quebec,1125,1978-08-01,1978-10-01,,,,
89,Quebec,1127,1978-11-01,1978-11-01,,,,
89,Quebec,2011,1978-06-01,1979-10-01,,,,
89,Quebec,3001,1977-06-01,1978-06-01,,,,
89,Quebec,3002,1979-06-01,1979-06-01,,,,
89,Quebec,3015,1984-09-01,1984-09-01,,,,
89,Quebec,3016,1982-11-01,1984-09-01,,,,
89,Quebec,9018,1975-01-01,1975-01-01,,,,
89,Quebec,A310,1981-06-01,1983-06-01,,,,
89,Quebec,A320,1981-06-01,1983-06-01,,,,
89,Quebec,A330,1981-06-01,1983-06-01,,,,
89,Quebec,A340,1981-06-01,1983-06-01,,,,
89,Quebec,A350,1981-06-01,1983-06-01,,,,
89,Quebec,A901,1996-12-01,1996-12-01,,2.0,,
89,Quebec,A902,1996-12-01,1996-12-01,,2.0,,
89,Quebec,A903,1996-12-01,1996-12-01,,2.0,,
90,Saskatchewan,0901,1996-09-01,1996-10-01,,2.0,,
90,Saskatchewan,0902,1996-09-01,1996-10-01,,2.0,,
90,Saskatchewan,0903,1996-09-01,1996-10-01,,2.0,,
90,Saskatchewan,0959,1996-09-01,1996-10-01,,2.0,,
90,Saskatchewan,0960,1996-09-01,1996-10-01,,2.0,,
90,Saskatchewan,0961,1996-09-01,1996-10-01,,2.0,,
90,Saskatchewan,0962,1996-09-01,1996-10-01,,2.0,,
90,Saskatchewan,6405,1969-10-01,1969-10-01,,,,
90,Saskatchewan,6410,1968-07-01,1968-07-01,,,,
90,Saskatchewan,6412,1968-07-01,1968-07-01,,,,
90,Saskatchewan,B310,1969-10-01,1969-10-01,,,,
90,Saskatchewan,B320,1969-10-01,1969-10-01,,,,
90,Saskatchewan,B330,1969-10-01,1969-10-01,,,,
90,Saskatchewan,B331,1969-10-01,1969-10-01,,,,
90,Saskatchewan,B340,1969-10-01,1969-10-01,,,,
90,Saskatchewan,B350,1969-10-01,1969-10-01,,,,
90,Saskatchewan,B351,1969-10-01,1969-10-01,,,,
